Frame,C-0,C-1,C-2,C-3,C-4,Fe-0,Fe-1,Fe-2,Fe-3,Fe-4,Fe-5,Fe-6,H-0,H-1,O-0,O-1,O-2
1,0,11,237,2618,734,154,141,178,350,87,112,130,5,4027,0,669,1875
2,0,14,279,2633,674,161,155,176,346,69,117,128,4,4028,0,679,1865
3,0,13,300,2653,634,170,147,186,338,73,109,129,6,4026,0,690,1854
4,0,15,302,2665,618,174,151,182,337,76,106,126,4,4028,0,702,1842
5,0,13,299,2688,600,180,149,183,329,71,115,125,7,4025,0,701,1843
6,0,12,304,2704,580,177,152,190,326,70,114,123,6,4026,0,706,1838
7,0,17,311,2706,566,181,151,193,326,68,112,121,6,4026,0,710,1834
8,0,19,303,2721,557,178,162,192,316,71,118,115,8,4024,0,720,1824
9,0,19,316,2717,548,187,157,193,312,70,111,122,5,4027,0,727,1817
10,0,19,309,2743,529,194,153,186,316,72,111,120,5,4027,0,727,1817
11,0,19,306,2744,531,198,148,184,323,66,112,121,6,4026,0,724,1820
12,0,19,304,2750,527,198,145,195,314,67,110,123,6,4026,0,726,1818
13,0,19,305,2755,521,200,142,195,314,71,113,117,7,4025,0,726,1818
14,0,19,305,2757,519,200,139,204,307,75,111,116,9,4023,0,734,1810
15,0,19,304,2771,506,196,145,205,307,67,115,117,8,4024,0,729,1815
16,0,19,299,2778,504,196,145,204,313,63,114,117,5,4027,0,728,1816
17,0,18,298,2784,500,199,149,206,305,63,110,120,9,4023,0,733,1811
18,0,17,296,2797,490,200,153,198,308,60,113,120,8,4024,0,734,1810
19,0,18,300,2787,495,200,152,202,304,62,118,114,8,4024,0,741,1803
20,0,18,301,2784,497,201,154,204,303,59,114,117,7,4025,0,744,1800
21,0,19,305,2788,488,211,137,213,293,70,117,111,8,4024,0,748,1796
22,0,20,307,2789,484,208,145,206,300,59,119,115,7,4025,0,738,1806
23,0,20,307,2796,477,206,149,206,298,62,118,113,6,4026,0,741,1803
24,0,20,307,2792,481,206,147,205,299,61,123,111,4,4028,0,733,1811
25,0,19,303,2805,473,213,142,199,311,59,118,110,6,4026,0,749,1795
26,0,19,304,2799,478,209,141,213,297,59,128,105,6,4026,0,750,1794
27,0,19,306,2791,484,205,145,209,304,59,126,104,9,4023,0,754,1790
28,0,19,310,2796,475,207,149,203,304,62,118,109,10,4022,0,750,1794
29,0,19,314,2793,474,215,141,210,298,58,121,109,10,4022,0,748,1796
30,0,20,310,2796,474,206,145,212,306,54,125,104,10,4022,0,748,1796
31,0,20,309,2792,479,212,146,199,309,59,121,106,8,4024,0,748,1796
32,0,20,307,2799,474,213,153,196,302,59,121,108,7,4025,0,750,1794
33,0,20,304,2801,475,209,150,200,306,58,125,104,7,4025,0,739,1805
34,0,20,308,2802,470,207,153,206,302,59,119,106,7,4025,0,745,1799
35,0,20,310,2805,465,216,148,194,304,62,125,103,9,4023,0,741,1803
36,0,20,306,2819,455,211,154,197,301,60,126,103,7,4025,0,743,1801
37,0,20,312,2815,453,204,157,204,302,63,121,101,7,4025,0,736,1808
38,0,20,313,2812,455,209,162,193,300,64,119,105,7,4025,0,746,1798
39,0,20,309,2825,446,208,154,204,304,57,125,100,8,4024,0,750,1794
40,0,20,314,2816,450,208,156,201,302,60,126,99,7,4025,0,745,1799
41,0,20,312,2820,448,212,151,194,309,63,124,99,7,4025,0,743,1801
42,0,20,314,2818,448,216,143,203,307,58,128,97,7,4025,0,745,1799
43,0,20,314,2825,441,216,143,204,305,57,128,99,6,4026,0,735,1809
44,0,20,310,2838,432,211,159,191,310,60,114,107,6,4026,0,739,1805
45,0,20,310,2837,433,212,153,198,304,62,128,95,7,4025,0,743,1801
46,0,20,309,2834,437,214,158,187,309,55,130,99,6,4026,0,743,1801
47,0,20,311,2826,443,221,147,190,311,59,121,103,5,4027,0,742,1802
48,0,21,309,2831,439,225,139,197,302,70,122,97,6,4026,0,749,1795
49,0,21,308,2833,438,218,145,201,303,60,126,99,7,4025,0,741,1803
50,0,21,304,2840,435,219,151,191,307,58,128,98,5,4027,0,744,1800
51,0,21,313,2829,437,217,153,192,304,62,127,97,7,4025,0,739,1805
52,0,21,310,2826,443,218,151,198,301,56,128,100,7,4025,0,740,1804
53,0,21,310,2823,446,221,148,195,301,65,125,97,4,4028,0,744,1800
54,0,21,310,2823,446,220,152,189,303,68,125,95,8,4024,0,750,1794
55,0,21,311,2825,443,222,147,196,300,63,132,92,7,4025,0,750,1794
56,0,21,304,2831,444,219,151,195,302,62,131,92,6,4026,0,750,1794
57,0,22,309,2823,446,221,149,192,304,67,126,93,6,4026,0,750,1794
58,0,21,310,2825,444,225,147,179,320,58,127,96,4,4028,0,742,1802
59,0,21,312,2817,450,221,141,202,306,63,121,98,4,4028,0,744,1800
60,0,21,309,2822,448,224,143,202,302,57,123,101,3,4029,0,748,1796
61,0,22,312,2815,451,224,144,194,306,65,126,93,4,4028,0,751,1793
62,0,22,309,2825,444,223,141,208,297,58,130,95,1,4031,0,744,1800
63,0,22,311,2832,435,222,144,202,302,57,133,92,2,4030,0,741,1803
64,0,22,313,2832,433,217,157,194,303,63,124,94,3,4029,0,749,1795
65,0,22,314,2831,433,222,149,204,293,60,133,91,4,4028,0,748,1796
66,0,22,316,2837,425,218,154,199,296,69,124,92,6,4026,0,751,1793
67,0,22,317,2834,427,218,157,202,294,60,122,99,4,4028,0,749,1795
68,0,22,316,2829,433,223,151,198,298,59,125,98,4,4028,0,747,1797
69,0,22,314,2833,431,225,143,207,291,68,126,92,3,4029,0,748,1796
70,0,22,312,2834,432,222,150,207,283,73,119,98,2,4030,0,750,1794
71,0,23,311,2835,431,217,153,207,292,64,126,93,4,4028,0,751,1793
72,0,24,312,2838,426,220,149,196,302,72,124,89,5,4027,0,750,1794
73,0,24,309,2843,424,222,151,191,305,71,119,93,5,4027,0,751,1793
74,0,24,313,2851,412,223,151,199,297,64,119,99,5,4027,0,751,1793
75,0,24,316,2847,413,218,161,194,297,63,120,99,5,4027,0,750,1794
76,0,24,322,2837,417,224,145,203,298,65,123,94,4,4028,0,753,1791
77,0,24,326,2840,410,221,159,186,304,64,122,96,6,4026,0,749,1795
78,0,24,322,2843,411,222,150,196,305,65,121,93,6,4026,0,751,1793
79,0,24,322,2850,404,226,150,200,297,60,119,100,3,4029,0,745,1799
80,0,24,322,2851,403,228,147,194,306,64,116,97,6,4026,0,750,1794
81,0,24,318,2850,408,228,143,203,297,67,118,96,6,4026,0,750,1794
82,0,24,320,2849,407,226,147,197,301,72,114,95,6,4026,0,751,1793
83,0,24,317,2856,403,226,147,197,305,65,118,94,6,4026,0,748,1796
84,0,24,324,2854,398,229,145,198,301,62,125,92,6,4026,0,747,1797
85,0,23,320,2849,408,230,143,201,301,62,117,98,5,4027,0,748,1796
86,0,24,314,2850,412,228,140,207,298,64,126,89,5,4027,0,751,1793
87,0,23,306,2860,411,229,145,203,295,62,121,97,4,4028,0,754,1790
88,0,25,308,2858,409,233,143,200,292,69,122,93,5,4027,0,753,1791
89,0,26,308,2857,409,230,144,201,296,64,122,95,5,4027,0,754,1790
90,0,26,313,2859,402,228,151,190,302,64,128,89,5,4027,0,749,1795
91,0,26,311,2869,394,225,158,193,295,61,129,91,6,4026,0,743,1801
92,0,27,312,2867,394,228,151,196,293,66,135,83,6,4026,0,745,1799
93,0,27,311,2869,393,225,150,205,285,73,126,88,8,4024,0,747,1797
94,0,26,314,2866,394,236,139,203,293,65,119,97,11,4021,0,752,1792
95,0,26,313,2863,398,227,149,206,288,66,122,94,7,4025,0,753,1791
96,0,27,310,2868,395,227,144,209,290,66,127,89,7,4025,0,749,1795
97,0,27,309,2875,389,223,154,202,294,64,122,93,6,4026,0,752,1792
98,0,27,308,2872,393,227,147,205,292,65,124,92,6,4026,0,754,1790
99,0,27,312,2873,388,224,158,189,303,65,117,96,9,4023,0,751,1793
100,0,26,313,2871,390,224,149,202,303,61,124,89,9,4023,0,754,1790
101,0,27,311,2879,383,229,151,196,291,68,130,87,10,4022,0,754,1790
102,0,28,311,2881,380,225,157,197,294,63,127,89,8,4024,0,753,1791
103,0,28,310,2880,382,228,148,205,285,77,123,86,9,4023,0,755,1789
104,0,28,314,2873,385,231,143,205,293,69,116,95,10,4022,0,747,1797
105,0,29,314,2876,381,225,156,192,298,67,127,87,12,4020,0,746,1798
106,0,29,314,2877,380,226,156,193,298,64,122,93,10,4022,0,748,1796
107,0,29,314,2875,382,229,147,197,302,64,126,87,6,4026,0,747,1797
108,0,29,313,2879,379,227,154,195,296,62,130,88,9,4023,0,745,1799
109,0,30,315,2878,377,228,157,190,296,64,129,88,8,4024,0,748,1796
110,0,30,314,2878,378,233,142,200,298,70,117,92,8,4024,0,749,1795
111,0,30,313,2871,386,232,144,199,301,62,125,89,6,4026,0,755,1789
112,0,30,314,2873,383,228,153,195,301,62,120,93,5,4027,0,752,1792
113,0,33,306,2878,383,228,142,214,292,65,118,93,5,4027,0,756,1788
114,0,34,310,2870,386,230,151,195,295,67,125,89,4,4028,0,751,1793
115,0,33,312,2870,385,225,156,199,292,66,123,91,3,4029,0,751,1793
116,0,33,310,2873,384,228,153,199,294,68,114,96,5,4027,0,756,1788
117,0,33,307,2875,385,225,154,202,296,64,116,95,4,4028,0,754,1790
118,0,32,310,2878,380,228,155,196,294,65,122,92,4,4028,0,747,1797
119,0,33,308,2879,380,229,152,199,294,59,125,94,5,4027,0,748,1796
120,0,33,308,2887,372,228,149,204,288,68,125,90,5,4027,0,745,1799
121,0,32,309,2887,372,227,150,203,294,64,128,86,5,4027,0,750,1794
122,0,33,310,2887,370,227,149,203,296,65,122,90,4,4028,0,749,1795
123,0,33,313,2889,365,233,143,201,296,64,130,85,6,4026,0,751,1793
124,0,34,313,2881,372,225,150,206,296,62,126,87,6,4026,0,749,1795
125,0,34,310,2890,366,225,150,205,291,74,119,88,6,4026,0,746,1798
126,0,34,307,2889,370,227,147,211,289,64,127,87,5,4027,0,755,1789
127,0,34,304,2886,376,228,149,199,301,67,116,92,4,4028,0,752,1792
128,0,35,305,2878,382,226,150,205,291,71,118,91,4,4028,0,746,1798
129,0,34,310,2876,380,231,151,197,292,66,123,92,3,4029,0,749,1795
130,0,35,309,2881,375,232,145,204,288,70,124,89,4,4028,0,755,1789
131,0,36,307,2881,376,222,161,199,289,68,125,88,4,4028,0,758,1786
132,0,36,311,2874,379,231,148,196,297,71,124,85,3,4029,0,756,1788
133,0,36,314,2872,378,225,153,202,297,64,124,87,5,4027,0,755,1789
134,0,36,317,2871,376,227,158,194,295,67,119,92,8,4024,0,757,1787
135,0,36,315,2872,377,228,155,195,295,70,121,88,4,4028,0,755,1789
136,0,35,315,2873,377,230,148,191,302,70,131,80,5,4027,0,758,1786
137,0,36,314,2869,381,229,153,200,289,71,119,91,4,4028,0,758,1786
138,0,36,315,2868,381,232,152,199,284,70,120,95,4,4028,0,752,1792
139,0,36,314,2874,376,231,152,199,284,74,122,90,3,4029,0,753,1791
140,0,36,317,2876,371,225,157,200,288,75,117,90,2,4030,0,748,1796
141,0,36,313,2885,366,235,151,187,298,71,120,90,3,4029,0,749,1795
142,0,36,313,2884,367,223,164,197,289,71,116,92,2,4030,0,749,1795
143,0,36,312,2885,367,229,153,199,290,72,125,84,2,4030,0,755,1789
144,0,36,315,2883,366,224,159,197,290,74,128,80,4,4028,0,754,1790
145,0,35,315,2882,368,228,156,197,282,80,124,85,3,4029,0,750,1794
146,0,35,313,2882,370,228,153,205,287,66,126,87,5,4027,0,752,1792
147,0,35,314,2884,367,231,149,204,291,63,124,90,8,4024,0,751,1793
148,0,35,313,2892,360,232,149,201,295,60,128,87,7,4025,0,750,1794
149,0,35,315,2889,361,234,144,205,292,63,124,90,8,4024,0,748,1796
150,0,35,318,2876,371,233,154,191,293,71,116,94,8,4024,0,748,1796
151,0,35,316,2879,370,230,153,198,293,68,122,88,6,4026,0,752,1792
152,0,35,316,2879,370,232,141,212,289,68,121,89,7,4025,0,754,1790
153,0,35,315,2875,375,233,155,190,296,63,125,90,6,4026,0,748,1796
154,0,35,313,2880,372,227,156,198,297,68,119,87,6,4026,0,757,1787
155,0,35,310,2885,370,229,155,192,299,68,119,90,5,4027,0,754,1790
156,0,35,311,2885,369,233,150,204,289,60,128,88,7,4025,0,754,1790
157,0,35,311,2881,373,232,155,197,289,63,126,90,5,4027,0,751,1793
158,0,35,309,2886,370,230,157,195,289,68,128,85,5,4027,0,754,1790
159,0,35,311,2882,372,234,145,202,292,72,122,85,3,4029,0,749,1795
160,0,35,308,2887,370,229,149,205,296,62,128,83,2,4030,0,749,1795
161,0,35,309,2889,367,233,151,194,297,75,113,89,2,4030,0,751,1793
162,0,35,312,2890,363,232,149,205,287,69,125,85,2,4030,0,752,1792
163,0,35,309,2891,365,230,155,194,293,73,120,87,4,4028,0,754,1790
164,0,35,306,2895,364,232,150,202,291,70,121,86,3,4029,0,755,1789
165,0,35,305,2907,353,231,156,194,294,73,112,92,3,4029,0,753,1791
166,0,35,309,2896,360,228,149,197,301,74,119,84,4,4028,0,750,1794
167,0,35,310,2899,356,231,151,202,288,76,119,85,2,4030,0,750,1794
168,0,35,308,2902,355,232,149,208,287,64,126,86,5,4027,0,754,1790
169,0,35,311,2899,355,228,150,209,286,75,116,88,3,4029,0,749,1795
170,0,34,311,2897,358,234,143,207,292,72,113,91,3,4029,0,754,1790
171,0,35,308,2898,359,230,152,204,287,68,122,89,4,4028,0,750,1794
172,0,35,307,2895,363,232,148,207,288,71,115,91,6,4026,0,753,1791
173,0,35,302,2904,359,235,141,212,286,75,112,91,7,4025,0,751,1793
174,0,35,303,2896,366,228,158,194,294,79,109,90,5,4027,0,751,1793
175,0,35,306,2894,365,232,149,203,294,68,120,86,2,4030,0,754,1790
176,0,35,309,2894,362,236,152,190,298,64,127,85,4,4028,0,752,1792
177,0,35,311,2899,355,233,154,197,288,73,119,88,4,4028,0,749,1795
178,0,35,313,2893,359,238,150,189,299,71,117,88,3,4029,0,749,1795
179,0,35,310,2898,357,227,161,195,295,68,116,90,6,4026,0,753,1791
180,0,34,311,2904,351,238,152,196,289,63,121,93,5,4027,0,749,1795
181,0,34,315,2892,359,235,150,203,287,72,112,93,3,4029,0,750,1794
182,0,34,317,2895,354,236,143,204,295,70,117,87,6,4026,0,748,1796
183,0,34,313,2899,354,229,157,199,287,77,116,87,9,4023,0,748,1796
184,0,34,312,2900,354,230,150,208,290,68,118,88,8,4024,0,752,1792
185,0,34,316,2896,354,238,146,204,286,73,120,85,6,4026,0,754,1790
186,0,36,315,2896,353,235,151,206,286,65,123,86,5,4027,0,757,1787
187,0,36,312,2898,354,235,149,200,285,82,114,87,3,4029,0,755,1789
188,0,36,315,2894,355,232,147,214,284,72,116,87,5,4027,0,758,1786
189,0,36,317,2897,350,234,152,206,284,65,125,86,5,4027,0,755,1789
190,0,36,319,2896,349,235,151,205,285,68,122,86,5,4027,0,753,1791
191,0,36,320,2890,354,237,152,199,284,75,120,85,6,4026,0,756,1788
192,0,36,323,2890,351,234,153,197,294,67,124,83,5,4027,0,744,1800
193,0,36,321,2894,349,232,157,204,282,72,121,84,3,4029,0,755,1789
194,0,36,321,2890,353,228,161,205,282,64,133,79,5,4027,0,751,1793
195,0,36,321,2889,354,229,166,192,285,80,112,88,6,4026,0,756,1788
196,0,36,324,2886,354,232,160,189,292,80,117,82,6,4026,0,755,1789
197,0,37,327,2887,349,239,142,212,281,77,113,88,6,4026,0,756,1788
198,0,37,328,2885,350,238,149,199,289,71,123,83,6,4026,0,757,1787
199,0,38,330,2883,349,235,157,198,285,69,122,86,4,4028,0,753,1791
200,0,38,329,2883,350,232,153,209,282,77,110,89,3,4029,0,755,1789
201,0,38,330,2880,352,231,156,204,282,79,116,84,4,4028,0,750,1794
202,0,39,330,2879,352,236,146,205,292,66,121,86,5,4027,0,750,1794
203,0,39,328,2878,355,234,153,206,281,73,118,87,4,4028,0,755,1789
204,0,39,326,2877,358,238,150,202,285,71,120,86,3,4029,0,754,1790
205,0,39,330,2874,357,234,152,208,284,66,119,89,3,4029,0,751,1793
206,0,39,331,2871,359,238,152,199,284,71,120,88,5,4027,0,749,1795
207,0,39,331,2874,356,232,152,213,281,65,124,85,4,4028,0,748,1796
208,0,39,333,2872,356,234,155,197,292,67,127,80,6,4026,0,751,1793
209,0,40,333,2871,356,231,157,203,285,70,121,85,5,4027,0,749,1795
210,0,40,332,2871,357,231,163,194,283,77,124,80,3,4029,0,752,1792
211,0,41,336,2870,353,231,155,206,284,73,117,86,3,4029,0,748,1796
212,0,41,334,2866,359,233,160,199,285,67,119,89,3,4029,0,748,1796
213,0,41,334,2865,360,232,148,214,281,74,124,79,5,4027,0,752,1792
214,0,41,339,2861,359,232,149,210,284,69,130,78,4,4028,0,747,1797
215,0,41,338,2864,357,235,154,199,288,71,118,87,4,4028,0,749,1795
216,0,41,335,2861,363,234,161,188,291,79,113,86,4,4028,0,753,1791
217,0,41,335,2861,363,232,163,198,283,72,115,89,4,4028,0,757,1787
218,0,41,332,2866,361,235,158,198,280,72,123,86,5,4027,0,753,1791
219,0,41,332,2866,361,234,152,202,286,78,117,83,5,4027,0,757,1787
220,0,41,336,2856,367,237,154,198,286,64,132,81,5,4027,0,756,1788
221,0,41,334,2863,362,235,152,202,290,68,120,85,5,4027,0,753,1791
222,0,41,335,2860,364,233,156,202,286,72,121,82,4,4028,0,752,1792
223,0,41,334,2861,364,234,157,198,290,73,115,85,5,4027,0,753,1791
224,0,42,331,2863,364,230,160,206,285,68,118,85,4,4028,0,752,1792
225,0,42,329,2869,360,236,152,207,283,66,124,84,6,4026,0,750,1794
226,0,41,333,2866,360,235,153,204,286,67,123,84,6,4026,0,753,1791
227,0,42,331,2867,360,239,149,206,279,72,120,87,7,4025,0,752,1792
228,0,42,332,2870,356,233,151,209,287,70,122,80,2,4030,0,750,1794
229,0,42,333,2867,358,235,160,206,276,63,129,83,6,4026,0,754,1790
230,0,43,333,2864,360,235,156,195,292,82,107,85,6,4026,0,752,1792
231,0,43,331,2868,358,236,150,207,288,68,116,87,5,4027,0,748,1796
232,0,43,332,2865,360,234,155,206,286,67,119,85,6,4026,0,746,1798
233,0,43,332,2868,357,232,156,208,283,70,123,80,5,4027,0,748,1796
234,0,43,330,2863,364,236,155,202,287,72,108,92,4,4028,0,746,1798
235,0,43,333,2862,362,230,160,206,282,76,114,84,6,4026,0,745,1799
236,0,43,335,2864,358,233,156,211,277,77,113,85,7,4025,0,750,1794
237,0,43,330,2869,358,233,165,194,281,82,109,88,6,4026,0,745,1799
238,0,43,331,2870,356,234,158,199,289,74,113,85,5,4027,0,744,1800
239,0,43,330,2876,351,235,154,209,281,80,103,90,5,4027,0,746,1798
240,0,43,332,2876,349,235,153,207,282,75,115,85,6,4026,0,745,1799
241,0,43,333,2875,349,238,154,202,278,73,124,83,7,4025,0,745,1799
242,0,43,334,2874,349,235,147,216,280,73,116,85,7,4025,0,747,1797
243,0,43,332,2873,352,232,158,203,287,73,118,81,7,4025,0,750,1794
244,0,43,328,2876,353,237,152,206,279,84,108,86,6,4026,0,750,1794
245,0,43,329,2871,357,234,156,207,282,72,113,88,6,4026,0,749,1795
246,0,43,329,2867,361,239,147,205,289,69,124,79,5,4027,0,751,1793
247,0,44,327,2867,362,234,156,206,282,74,115,85,5,4027,0,747,1797
248,0,44,330,2858,368,235,149,217,276,75,114,86,4,4028,0,747,1797
249,0,44,332,2857,367,237,162,194,281,76,118,84,5,4027,0,753,1791
250,0,44,331,2859,366,240,148,201,294,73,108,88,5,4027,0,752,1792
251,0,44,338,2851,367,235,155,201,288,78,115,80,6,4026,0,753,1791
252,0,44,336,2854,366,237,168,185,285,73,120,84,8,4024,0,755,1789
253,0,44,335,2856,365,234,158,197,289,82,111,81,8,4024,0,756,1788
254,0,44,332,2856,368,233,155,207,286,72,116,83,5,4027,0,756,1788
255,0,44,336,2850,370,236,148,214,288,68,114,84,7,4025,0,763,1781
256,0,44,333,2857,366,238,152,208,283,70,113,88,6,4026,0,759,1785
257,0,44,332,2863,361,237,148,210,285,75,113,84,6,4026,0,757,1787
258,0,44,332,2862,362,234,164,204,277,74,108,91,8,4024,0,757,1787
259,0,44,332,2864,360,238,155,199,290,71,114,85,5,4027,0,756,1788
260,0,44,334,2862,360,231,169,190,289,70,122,81,7,4025,0,753,1791
261,0,44,332,2865,359,243,159,184,293,67,125,81,6,4026,0,756,1788
262,0,44,330,2869,357,235,161,205,278,74,114,85,5,4027,0,757,1787
263,0,45,332,2865,358,240,152,203,284,73,118,82,7,4025,0,757,1787
264,0,45,331,2870,354,232,163,199,287,71,119,81,6,4026,0,752,1792
265,0,45,331,2865,359,237,153,211,273,83,114,81,6,4026,0,756,1788
266,0,45,329,2870,356,240,150,205,281,79,116,81,7,4025,0,751,1793
267,0,45,329,2868,358,234,163,194,288,74,120,79,8,4024,0,752,1792
268,0,45,331,2861,363,236,156,195,293,71,125,76,6,4026,0,754,1790
269,0,45,329,2865,361,237,159,198,284,73,115,86,6,4026,0,754,1790
270,0,45,329,2859,367,234,157,209,282,71,116,83,6,4026,0,759,1785
271,0,45,331,2857,367,239,158,197,286,69,120,83,5,4027,0,757,1787
272,0,45,332,2857,366,236,163,198,277,81,117,80,4,4028,0,759,1785
273,0,46,332,2860,362,239,154,209,280,69,115,86,6,4026,0,759,1785
274,0,46,332,2861,361,239,147,208,283,91,100,84,5,4027,0,758,1786
275,0,47,332,2853,368,233,165,204,277,76,107,90,5,4027,0,758,1786
276,0,47,330,2858,365,237,157,201,285,84,101,87,5,4027,0,755,1789
277,0,47,329,2856,368,236,151,208,283,85,108,81,6,4026,0,755,1789
278,0,47,328,2858,367,238,155,202,285,81,105,86,4,4028,0,752,1792
279,0,48,328,2855,369,239,153,203,284,77,109,87,6,4026,0,755,1789
280,0,48,326,2856,370,239,157,193,290,77,110,86,5,4027,0,754,1790
281,0,48,325,2859,368,232,166,205,273,77,118,81,3,4029,0,757,1787
282,0,47,327,2862,364,237,154,202,293,67,119,80,3,4029,0,756,1788
283,0,48,325,2863,364,235,161,198,286,78,106,88,6,4026,0,758,1786
284,0,48,323,2866,363,237,154,206,283,76,111,85,6,4026,0,752,1792
285,0,48,326,2858,368,231,164,203,282,78,111,83,6,4026,0,755,1789
286,0,49,325,2859,367,238,149,213,284,73,111,84,6,4026,0,756,1788
287,0,49,324,2865,362,236,152,213,278,76,118,79,4,4028,0,758,1786
288,0,49,322,2862,367,236,155,214,270,86,108,83,4,4028,0,756,1788
289,0,49,320,2864,367,239,160,193,287,74,119,80,8,4024,0,753,1791
290,0,49,324,2863,364,239,151,204,282,84,113,79,5,4027,0,751,1793
291,0,49,324,2863,364,236,158,194,290,79,109,86,6,4026,0,747,1797
292,0,49,323,2868,360,237,157,207,280,76,105,90,5,4027,0,750,1794
293,0,49,322,2866,363,238,150,215,275,80,110,84,7,4025,0,745,1799
294,0,49,322,2868,361,235,160,203,282,74,121,77,7,4025,0,749,1795
295,0,49,320,2872,359,235,159,208,272,85,108,85,8,4024,0,752,1792
296,0,49,319,2870,362,237,163,206,272,72,110,92,7,4025,0,745,1799
297,0,49,319,2865,367,238,162,188,287,91,101,85,6,4026,0,752,1792
298,0,49,320,2866,365,235,160,208,277,69,121,82,4,4028,0,753,1791
299,0,49,322,2866,363,241,156,205,271,79,117,83,4,4028,0,749,1795
300,0,49,322,2871,358,233,164,210,268,82,111,84,7,4025,0,756,1788
301,0,49,322,2868,361,232,169,199,275,88,106,83,5,4027,0,756,1788
302,0,49,326,2868,357,236,160,203,276,83,117,77,5,4027,0,757,1787
303,0,49,328,2859,364,233,169,196,278,82,117,77,5,4027,0,753,1791
304,0,49,325,2865,361,234,162,202,281,87,101,85,6,4026,0,758,1786
305,0,49,321,2868,362,241,154,195,288,80,119,75,6,4026,0,756,1788
306,0,49,319,2870,362,235,172,187,282,81,115,80,6,4026,0,752,1792
307,0,49,319,2865,367,239,155,209,275,77,119,78,6,4026,0,757,1787
308,0,50,319,2869,362,244,150,204,282,74,114,84,6,4026,0,755,1789
309,0,50,317,2870,363,241,150,211,276,72,125,77,5,4027,0,756,1788
310,0,51,315,2874,360,247,152,194,280,78,121,80,5,4027,0,755,1789
311,0,50,317,2872,361,240,158,206,277,67,122,82,4,4028,0,755,1789
312,0,51,319,2873,357,237,154,210,282,70,120,79,6,4026,0,750,1794
313,0,52,321,2871,356,237,152,212,278,76,114,83,6,4026,0,747,1797
314,0,52,323,2865,360,231,164,215,270,73,114,85,5,4027,0,752,1792
315,0,52,322,2867,359,237,164,194,284,81,108,84,5,4027,0,752,1792
316,0,52,319,2868,361,240,152,209,280,77,102,92,6,4026,0,748,1796
317,0,52,317,2868,363,239,160,204,273,74,118,84,3,4029,0,750,1794
318,0,52,318,2862,368,236,161,208,269,82,115,81,2,4030,0,749,1795
319,0,52,318,2868,362,243,146,212,280,72,118,81,3,4029,0,747,1797
320,0,52,321,2865,362,238,152,210,279,84,105,84,5,4027,0,748,1796
321,0,52,320,2868,360,236,154,211,279,72,125,75,4,4028,0,746,1798
322,0,53,325,2857,365,237,164,203,275,71,123,79,5,4027,0,747,1797
323,0,53,323,2865,359,239,161,190,292,81,105,84,7,4025,0,749,1795
324,0,53,324,2866,357,237,158,200,281,86,111,79,8,4024,0,747,1797
325,0,53,321,2869,357,235,161,196,286,82,112,80,10,4022,0,747,1797
326,0,53,323,2867,357,239,156,200,282,82,114,79,7,4025,0,743,1801
327,0,53,324,2862,361,237,160,203,280,74,115,83,6,4026,0,748,1796
328,0,53,325,2862,360,240,160,196,285,71,120,80,4,4028,0,744,1800
329,0,54,324,2863,359,237,165,198,279,72,120,81,4,4028,0,743,1801
330,0,53,323,2866,358,240,162,197,279,76,117,81,5,4027,0,744,1800
331,0,53,323,2867,357,239,158,203,282,77,105,88,7,4025,0,744,1800
332,0,53,319,2874,354,240,148,213,280,78,112,81,7,4025,0,746,1798
333,0,53,318,2877,352,239,156,209,272,77,119,80,6,4026,0,745,1799
334,0,53,313,2880,354,231,174,201,266,86,111,83,10,4022,0,746,1798
335,0,53,316,2882,349,238,165,191,286,77,109,86,9,4023,0,746,1798
336,0,53,316,2877,354,238,163,187,296,76,109,83,7,4025,0,747,1797
337,0,53,316,2874,357,244,148,210,278,77,110,85,6,4026,0,747,1797
338,0,54,314,2881,351,238,154,203,287,78,114,78,5,4027,0,745,1799
339,0,55,316,2876,353,238,155,203,292,72,104,88,5,4027,0,741,1803
340,0,56,317,2870,357,235,163,206,273,81,115,79,6,4026,0,743,1801
341,0,56,317,2861,366,241,156,196,290,77,108,84,4,4028,0,743,1801
342,0,56,319,2865,360,232,159,203,293,75,106,84,6,4026,0,745,1799
343,0,56,320,2858,366,244,147,206,286,82,104,83,4,4028,0,747,1797
344,0,56,319,2859,366,241,159,203,276,81,105,87,5,4027,0,746,1798
345,0,56,319,2864,361,235,164,213,266,75,116,83,7,4025,0,745,1799
346,0,56,319,2868,357,243,147,205,285,89,101,82,5,4027,0,746,1798
347,0,56,323,2867,354,234,167,202,272,85,107,85,8,4024,0,743,1801
348,0,56,324,2862,358,237,164,205,274,78,109,85,6,4026,0,745,1799
349,0,56,325,2862,357,242,150,217,271,81,106,85,4,4028,0,747,1797
350,0,56,321,2865,358,240,161,201,273,75,123,79,4,4028,0,742,1802
351,0,56,319,2861,364,235,163,203,282,75,116,78,4,4028,0,746,1798
352,0,56,319,2862,363,243,150,210,276,78,113,82,4,4028,0,745,1799
353,0,57,319,2858,366,235,160,205,285,71,118,78,5,4027,0,749,1795
354,0,57,317,2866,360,240,154,203,282,78,118,77,6,4026,0,743,1801
355,0,58,317,2862,363,240,157,207,272,79,120,77,6,4026,0,743,1801
356,0,58,316,2862,364,239,158,208,280,72,115,80,5,4027,0,748,1796
357,0,58,315,2864,363,235,171,198,274,77,116,81,5,4027,0,748,1796
358,0,58,313,2866,363,236,164,204,278,73,118,79,4,4028,0,750,1794
359,0,57,314,2865,364,240,158,210,272,76,118,78,4,4028,0,752,1792
360,0,59,312,2867,362,240,154,204,283,83,108,80,5,4027,0,748,1796
361,0,59,311,2870,360,240,160,199,281,79,111,82,6,4026,0,751,1793
362,0,59,311,2869,361,242,158,208,268,77,119,80,9,4023,0,752,1792
363,0,59,309,2868,364,239,151,225,262,83,108,84,5,4027,0,751,1793
364,0,59,309,2870,362,238,162,196,286,74,115,81,5,4027,0,751,1793
365,0,59,312,2865,364,236,163,205,276,80,111,81,5,4027,0,753,1791
366,0,59,309,2867,365,242,152,204,284,81,111,78,6,4026,0,749,1795
367,0,59,309,2868,364,243,156,203,277,77,118,78,7,4025,0,751,1793
368,0,59,307,2865,369,239,166,193,279,87,106,82,4,4028,0,751,1793
369,0,59,309,2864,368,243,163,188,279,82,120,77,6,4026,0,753,1791
370,0,59,310,2867,364,242,160,198,278,80,114,80,5,4027,0,745,1799
371,0,59,310,2866,365,239,154,210,278,84,104,83,5,4027,0,748,1796
372,0,58,308,2870,364,238,167,197,277,79,106,88,7,4025,0,749,1795
373,0,58,308,2874,360,238,164,205,269,75,127,74,9,4023,0,749,1795
374,0,58,308,2873,361,242,155,211,270,69,130,75,11,4021,0,749,1795
375,0,58,308,2877,357,251,146,194,285,77,125,74,10,4022,0,751,1793
376,0,58,309,2874,359,241,161,198,279,84,105,84,7,4025,0,746,1798
377,0,58,310,2872,360,240,152,211,285,74,107,83,9,4023,0,749,1795
378,0,58,310,2871,361,240,154,208,280,75,115,80,9,4023,0,749,1795
379,0,58,310,2870,362,235,161,209,272,85,109,81,10,4022,0,752,1792
380,0,58,310,2873,359,245,149,213,269,78,114,84,10,4022,0,749,1795
381,0,58,311,2878,353,234,157,211,280,79,115,76,9,4023,0,747,1797
382,0,58,310,2878,354,251,142,208,280,74,115,82,8,4024,0,747,1797
383,0,58,308,2883,351,240,159,204,279,71,120,79,8,4024,0,747,1797
384,0,58,309,2893,340,245,151,207,278,81,108,82,10,4022,0,748,1796
385,0,59,312,2890,339,239,158,207,278,78,113,79,8,4024,0,744,1800
386,0,59,308,2893,340,238,163,200,281,72,118,80,8,4024,0,746,1798
387,0,59,308,2890,343,238,158,213,268,84,109,82,9,4023,0,749,1795
388,0,59,307,2891,343,239,161,207,271,74,116,84,8,4024,0,746,1798
389,0,59,307,2891,343,239,164,195,278,86,109,81,10,4022,0,749,1795
390,0,59,304,2895,342,235,165,203,275,82,109,83,12,4020,0,749,1795
391,0,60,309,2892,339,232,174,192,282,84,106,82,12,4020,0,746,1798
392,0,60,309,2892,339,237,163,200,278,85,106,83,14,4018,0,747,1797
393,0,60,308,2891,341,235,161,206,274,88,108,80,14,4018,0,744,1800
394,0,60,306,2889,345,240,156,203,282,82,105,84,12,4020,0,750,1794
395,0,61,307,2888,344,232,164,209,282,76,99,90,12,4020,0,748,1796
396,0,61,306,2887,346,239,157,212,270,83,112,79,11,4021,0,744,1800
397,0,61,301,2896,342,241,147,222,270,76,118,78,11,4021,0,747,1797
398,0,61,303,2885,351,238,163,205,276,77,106,87,11,4021,0,752,1792
399,0,61,304,2882,353,247,149,208,274,73,128,73,9,4023,0,753,1791
400,0,61,305,2880,354,240,163,203,273,77,115,81,7,4025,0,749,1795
