mol_id,formula,first_frame,last_frame,lifetime_frames,n_predecessors,n_successors
0,H3N,1,40,39,0,0
1,HN3O4,1,2,1,0,4
2,HN3O4,1,2,1,0,5
3,HN3O4,1,2,1,0,6
4,N3O4,1,12,11,0,1
5,H4N,1,2,1,0,6
6,N3O4,1,27,26,0,2
7,HN3O3,1,2,1,0,7
8,H3N,1,14,13,0,1
9,H4N,1,2,1,0,2
10,H3N,1,13,12,0,2
11,N3O4,1,18,17,0,1
12,HN3O4,1,5,4,0,2
13,H3N,1,12,11,0,6
14,N3O5,1,2,1,0,3
15,H2N3O4,1,2,1,0,6
16,H3N,1,8,7,0,2
17,H2O,1,40,39,0,0
18,H3N,1,2,1,0,7
19,N3O4,1,2,1,0,5
20,H4N,1,10,9,0,2
21,HN3O4,1,2,1,0,3
22,N3O4,1,2,1,0,2
23,N3O4,1,2,1,0,4
24,H4N,1,2,1,0,6
25,HN3O4,1,2,1,0,7
26,HN3O4,1,2,1,0,1
27,N3O4,1,2,1,0,6
28,N3O4,1,9,8,0,1
29,H3N,1,18,17,0,2
30,H2O,1,2,1,0,7
31,N3O3,1,5,4,0,1
32,N3O4,1,21,20,0,2
33,H4N,1,2,1,0,5
34,N3O4,1,12,11,0,2
35,H4N,1,2,1,0,6
36,N3O4,1,11,10,0,1
37,H4N,1,2,1,0,4
38,N3O4,1,29,28,0,2
39,H3N,1,5,4,0,3
40,N3O4,1,20,19,0,1
41,HN3O4,1,2,1,0,4
42,H3N,1,30,29,0,3
43,H3N,1,40,39,0,0
44,H3N,1,40,39,0,0
45,H4N,1,3,2,0,4
46,H3N,1,2,1,0,1
47,N3O4,1,3,2,0,2
48,HN3O4,1,2,1,0,1
49,H4N,1,2,1,0,3
50,HN3O4,1,2,1,0,4
51,N3O4,1,2,1,0,6
52,H4N,1,2,1,0,4
53,H4N,1,2,1,0,5
54,H4N,1,3,2,0,2
55,H3N,1,40,39,0,0
56,N3O4,1,3,2,0,2
57,H3N,1,2,1,0,5
58,H3N,1,2,1,0,1
59,HN3O4,1,2,1,0,2
60,H4N,1,2,1,0,4
61,N3O4,1,2,1,0,4
62,HN3O4,1,2,1,0,3
63,H4N,1,2,1,0,4
64,H3N,1,40,39,0,0
65,N3O4,1,40,39,0,0
66,H3N,1,12,11,0,1
67,H4N,1,2,1,0,4
68,H4N,1,2,1,0,3
69,H4N,1,2,1,0,7
70,H4N,1,2,1,0,2
71,HO,1,2,1,0,2
72,H4N,1,2,1,0,6
73,H2N3O4,1,2,1,0,3
74,H3N,1,8,7,0,3
75,H3N,1,4,3,0,2
76,H3N,1,21,20,0,1
77,H3N,1,5,4,0,2
78,N3O4,1,6,5,0,2
79,H4N,1,3,2,0,2
80,H3N,1,7,6,0,2
81,HN3O4,1,2,1,0,6
82,H4N,1,2,1,0,5
83,H2N3O4,1,2,1,0,3
84,H4N,1,2,1,0,2
85,N3O4,1,2,1,0,5
86,HO,1,2,1,0,2
87,N3O4,1,2,1,0,4
88,H3N,1,8,7,0,2
89,HN3O4,1,2,1,0,12
90,H4N,1,2,1,0,5
91,N3O4,1,2,1,0,2
92,H3N,1,2,1,0,12
93,H4N,1,2,1,0,6
94,N3O4,1,2,1,0,4
95,H4N,1,2,1,0,5
96,H4N,1,2,1,0,6
97,N3O4,1,2,1,0,1
98,N3O4,1,2,1,0,11
99,H4N,1,2,1,0,6
100,H4N,1,2,1,0,6
101,N3O4,1,6,5,0,1
102,N3O4,1,7,6,0,3
103,HN3O4,1,2,1,0,2
104,N3O4,1,2,1,0,1
105,H4N,1,2,1,0,4
106,HN3O4,1,3,2,0,3
107,H3N,1,40,39,0,0
108,N3O4,1,2,1,0,5
109,N3O4,1,5,4,0,3
110,N3O4,1,12,11,0,1
111,N3O4,1,6,5,0,1
112,H3N,1,9,8,0,1
113,N3O4,1,3,2,0,2
114,H4N,1,2,1,0,4
115,H2O,1,40,39,0,0
116,H3N,1,22,21,0,2
117,H3N,1,4,3,0,3
118,H4N,1,8,7,0,2
119,H3N,1,3,2,0,1
120,N3O4,1,14,13,0,2
121,N3O4,1,2,1,0,5
122,N3O4,1,19,18,0,1
123,H4N,1,2,1,0,5
124,N3O4,1,20,19,0,1
125,N3O4,1,13,12,0,2
126,HO,1,2,1,0,6
127,N3O4,1,8,7,0,1
128,H4N,1,2,1,0,6
129,N3O4,1,2,1,0,5
130,H4N,1,2,1,0,6
131,H4N,1,2,1,0,3
132,H2N3O4,1,2,1,0,6
133,N3O3,1,13,12,0,1
134,N3O4,1,2,1,0,6
135,H4N,1,2,1,0,4
136,N3O4,1,4,3,0,5
137,N3O4,1,2,1,0,4
138,H4N,1,4,3,0,2
139,H2N3O4,1,2,1,0,4
140,H3N,1,40,39,0,0
141,H4N,1,2,1,0,3
142,H4N,1,2,1,0,5
143,N3O4,1,24,23,0,1
144,H4N,1,2,1,0,2
145,H4N,1,2,1,0,4
146,N3O4,1,2,1,0,4
147,H4N,1,2,1,0,6
148,N3O4,1,2,1,0,1
149,H3N,1,5,4,0,1
150,N3O4,1,40,39,0,0
151,N3O4,1,2,1,0,2
152,N3O4,1,2,1,0,4
153,H4N,1,2,1,0,4
154,N3O4,1,2,1,0,2
155,N3O4,1,5,4,0,3
156,H3N,1,5,4,0,2
157,H4N,1,2,1,0,4
158,N3O4,1,8,7,0,2
159,N3O5,1,2,1,0,3
160,N3O4,1,2,1,0,4
161,N3O4,1,2,1,0,1
162,H3N,1,40,39,0,0
163,H2N3O4,1,2,1,0,3
164,N3O4,1,17,16,0,1
165,H4N,1,8,7,0,2
166,N3O4,1,40,39,0,0
167,N3O4,1,2,1,0,3
168,H3N,1,40,39,0,3
169,H4N,1,2,1,0,3
170,H4N,1,2,1,0,4
171,N3O4,1,6,5,0,9
172,H3N,1,4,3,0,2
173,H4N,1,17,16,0,2
174,N3O4,1,2,1,0,2
175,H3N,1,2,1,0,3
176,H4N,1,2,1,0,1
177,N3O3,1,2,1,0,3
178,H4N,1,2,1,0,3
179,H4N,1,2,1,0,3
180,N3O4,1,6,5,0,2
181,H4N,1,2,1,0,4
182,H4N,1,2,1,0,4
183,N3O3,1,2,1,0,2
184,H4N,1,2,1,0,3
185,H4N,1,2,1,0,4
186,N3O4,1,38,37,0,1
187,N3O4,1,33,32,0,5
188,H4N,1,5,4,0,2
189,HNO3,1,3,2,0,3
190,H4N,1,2,1,0,4
191,H4N,1,2,1,0,12
192,N3O4,1,8,7,0,1
193,N3O4,1,2,1,0,3
194,H3N,1,17,16,0,1
195,HN3O4,1,2,1,0,4
196,H4N,1,2,1,0,3
197,H2N3O4,1,2,1,0,3
198,H3N,1,3,2,0,1
199,H4N,1,2,1,0,11
200,N3O4,1,2,1,0,11
201,N3O4,1,2,1,0,12
202,H3N,1,2,1,0,11
203,H2N3O4,1,2,1,0,11
204,H3N,1,14,13,0,2
205,N3O4,1,2,1,0,3
206,N3O4,1,2,1,0,4
207,N3O4,1,3,2,0,2
208,HN3O3,1,2,1,0,2
209,H4N,1,2,1,0,12
210,H4N,1,2,1,0,12
211,N3O3,1,6,5,0,3
212,H3N,1,40,39,0,0
213,HN3O4,1,2,1,0,11
214,H3N,1,3,2,0,2
215,N3O4,1,15,14,0,1
216,H2O,1,40,39,0,0
217,N3O4,1,15,14,0,3
218,N3O4,1,8,7,0,2
219,H4N,1,2,1,0,12
220,H2N3O4,1,2,1,0,12
221,N3O4,1,2,1,0,11
222,N3O4,1,20,19,0,2
223,N3O4,1,2,1,0,3
224,H3N,1,13,12,0,2
225,H4N,1,2,1,0,3
226,H4N,1,2,1,0,3
227,H4N,1,2,1,0,2
228,N2,1,18,17,0,2
229,N3O4,1,5,4,0,1
230,H3N,1,4,3,0,4
231,H4N,1,6,5,0,9
232,H3N,1,40,39,0,0
233,H4N,1,2,1,0,3
234,H4N,1,2,1,0,3
235,N3O4,1,2,1,0,1
236,H4N,1,2,1,0,4
237,H3N,1,40,39,0,0
238,N3O4,1,9,8,0,2
239,H3N,1,4,3,0,3
240,H3N,1,6,5,0,2
241,H3N,1,2,1,0,8
242,H2N3O4,1,2,1,0,8
243,N3O4,1,4,3,0,2
244,H4N,1,4,3,0,2
245,H4N,1,2,1,0,4
246,N3O4,1,7,6,0,2
247,H4N,1,2,1,0,2
248,N3O4,1,40,39,0,0
249,HN3O4,1,2,1,0,3
250,H4N,1,2,1,0,4
251,H4N,1,4,3,0,2
252,H4N,1,4,3,0,5
253,N3O4,1,2,1,0,3
254,HN3O4,1,2,1,0,4
255,H4N,1,2,1,0,4
256,H2O,1,40,39,0,0
257,H4N,1,2,1,0,3
258,N3O4,1,2,1,0,8
259,N3O4,1,10,9,0,4
260,HN3O4,1,2,1,0,4
261,HN3O4,1,2,1,0,5
262,N3O4,1,28,27,0,2
263,N3O3,1,4,3,0,2
264,N3O4,1,17,16,0,1
265,N3O4,1,2,1,0,8
266,H4N,1,2,1,0,3
267,N3O4,1,2,1,0,3
268,N3O4,1,2,1,0,8
269,H4N,1,2,1,0,8
270,N3O4,1,2,1,0,3
271,H4N,1,2,1,0,2
272,N3O4,1,12,11,0,2
273,H3N,1,16,15,0,3
274,N3O4,1,2,1,0,3
275,N3O4,1,4,3,0,2
276,H3N,1,3,2,0,3
277,H3N,1,19,18,0,2
278,H2O,1,40,39,0,0
279,N3O4,1,2,1,0,3
280,H3N,1,3,2,0,2
281,H4N,1,12,11,0,3
282,N3O4,1,9,8,0,1
283,N3O4,1,35,34,0,2
284,H3N,1,40,39,0,0
285,H3N,1,18,17,0,2
286,N3O4,1,2,1,0,3
287,N3O4,1,2,1,0,8
288,H4N,1,2,1,0,3
289,H4N,1,2,1,0,2
290,H4N,1,6,5,0,2
291,H4N,1,6,5,0,9
292,N3O4,1,4,3,0,2
293,H4N,1,2,1,0,3
294,H3N,1,32,31,0,2
295,H2O,1,40,39,0,0
296,HN3O4,1,2,1,0,3
297,H4N,1,2,1,0,3
298,N3O4,1,8,7,0,2
299,HN3O4,1,2,1,0,4
300,H4N,1,2,1,0,4
301,H4N,1,2,1,0,4
302,N3O4,1,2,1,0,2
303,H3N,1,5,4,0,2
304,H4N,1,2,1,0,8
305,H4N,1,2,1,0,5
306,H2N3O4,1,3,2,0,2
307,H4N,1,2,1,0,4
308,H3N,1,3,2,0,5
309,H4N,1,2,1,0,8
310,HN3O4,1,2,1,0,3
311,H3N,1,17,16,0,4
312,H3N,1,2,1,0,3
313,N3O4,1,5,4,0,2
314,HN3O4,1,3,2,0,2
315,H4N,1,2,1,0,3
316,N3O4,1,2,1,0,3
317,N3O4,1,3,2,0,2
318,H3N,1,3,2,0,2
319,HN3O4,1,2,1,0,4
320,N3O4,1,2,1,0,3
321,HN3O4,1,3,2,0,2
322,H3N,1,2,1,0,7
323,N3O3,1,7,6,0,2
324,H3N,1,2,1,0,3
325,H4N,1,3,2,0,5
326,N3O4,1,3,2,0,3
327,H3N,1,40,39,0,0
328,N3O3,1,10,9,0,1
329,H3N,1,13,12,0,2
330,N3O4,1,2,1,0,3
331,N3O4,1,9,8,0,2
332,N3O4,1,3,2,0,2
333,N3O4,1,24,23,0,1
334,H3N,1,3,2,0,6
335,N3O4,1,22,21,0,1
336,H3N,1,10,9,0,2
337,N3O3,1,3,2,0,3
338,N3O4,1,2,1,0,2
339,H3N,1,2,1,0,3
340,HN3O4,1,2,1,0,3
341,H3N,1,5,4,0,1
342,N3O4,1,23,22,0,1
343,H4N,1,2,1,0,2
344,H4N,1,5,4,0,2
345,H3N,1,6,5,0,1
346,H2O,1,40,39,0,0
347,N3O4,1,40,39,0,0
348,H3N,1,13,12,0,2
349,N3O4,1,2,1,0,4
350,HN3O4,1,2,1,0,3
351,N3O4,1,14,13,0,1
352,HN3O4,1,2,1,0,4
353,H2N3O4,1,2,1,0,3
354,H4N,1,7,6,0,2
355,N3O4,1,40,39,0,0
356,H4N,1,2,1,0,3
357,H3N,1,11,10,0,2
358,H4N,1,2,1,0,7
359,HN3O4,1,3,2,0,5
360,H3N3O4,1,2,1,0,7
361,H4N,1,7,6,0,3
362,N3O4,1,3,2,0,1
363,H3N,1,2,1,0,4
364,N3O4,1,13,12,0,2
365,H4N,1,2,1,0,4
366,N3O4,1,10,9,0,1
367,H3N,1,15,14,0,3
368,H3N,1,2,1,0,2
369,N3O4,1,2,1,0,2
370,H4N,1,2,1,0,8
371,H3N,1,40,39,0,0
372,H3N,1,2,1,0,2
373,N3O4,1,40,39,0,0
374,H4N,1,2,1,0,3
375,N3O4,1,2,1,0,2
376,N5O5,1,5,4,0,2
377,N3O4,1,2,1,0,2
378,N3O4,1,2,1,0,3
379,H4N,1,12,11,0,2
380,N3O4,1,7,6,0,2
381,H4N,1,2,1,0,4
382,H4N,1,2,1,0,2
383,N3O4,1,2,1,0,2
384,HN3O4,1,8,7,0,4
385,N3O4,1,11,10,0,4
386,H4N,1,5,4,0,2
387,H2O,1,40,39,0,0
388,N3O4,1,4,3,0,3
389,H3N,1,7,6,0,4
390,HN3O3,1,2,1,0,2
391,H2O,1,28,27,0,2
392,H4N,1,2,1,0,4
393,N3O3,1,2,1,0,2
394,H4N,1,2,1,0,8
395,H4N,1,2,1,0,5
396,N3O4,1,2,1,0,6
397,H3N,1,40,39,0,0
398,H4N,1,3,2,0,2
399,H3N,1,36,35,0,1
400,N3O4,1,2,1,0,3
401,H4N,1,2,1,0,2
402,H4N,1,4,3,0,2
403,HNO2,1,40,39,0,0
404,H3N,1,40,39,0,0
405,N3O4,1,2,1,0,4
406,H3N,1,3,2,0,2
407,H4N,1,2,1,0,4
408,N3O4,1,12,11,0,2
409,H3N3O4,1,2,1,0,5
410,H3N,1,40,39,0,0
411,N3O4,1,24,23,0,1
412,H3N,1,10,9,0,1
413,N3O4,1,18,17,0,1
414,H3N,1,15,14,0,2
415,H4N,1,2,1,0,7
416,N3O4,1,7,6,0,1
417,N3O4,1,2,1,0,4
418,H3N,1,2,1,0,4
419,N3O4,1,2,1,0,5
420,H3N,1,40,39,0,0
421,N3O4,1,7,6,0,2
422,H4N,1,2,1,0,4
423,H4N,1,2,1,0,4
424,N3O4,1,24,23,0,1
425,H3N,1,3,2,0,2
426,H3N,1,37,36,0,2
427,N3O4,1,2,1,0,2
428,N3O4,1,2,1,0,2
429,N3O4,1,2,1,0,2
430,N3O4,1,12,11,0,6
431,H4N,1,25,24,0,2
432,HN3O4,1,2,1,0,2
433,N3O4,1,19,18,0,2
434,N3O4,1,10,9,0,2
435,N3O4,1,20,19,0,2
436,H4N,1,2,1,0,5
437,H3N,1,3,2,0,3
438,N3O4,1,8,7,0,2
439,H3N,1,12,11,0,2
440,H4N,1,2,1,0,5
441,H3N,1,2,1,0,5
442,H4N,1,2,1,0,3
443,N3O4,1,2,1,0,5
444,H4N,1,4,3,0,3
445,N3O4,1,3,2,0,5
446,HO,2,3,1,2,1
447,H4NO,2,3,1,2,2
448,N3O2,2,3,1,2,2
449,N3O3,2,4,2,3,2
450,H2O,2,40,38,3,0
451,H3N,2,40,38,3,0
452,H3N,2,24,22,3,3
453,HNO2,2,32,30,3,1
454,N2O,2,12,10,3,1
455,H2O,2,40,38,3,0
456,H3N,2,6,4,3,3
457,H3N,2,17,15,3,2
458,HNO2,2,8,6,5,2
459,N2O,2,15,13,5,2
460,H3NO,2,16,14,5,1
461,HN3O5,2,13,11,5,2
462,NO2,2,32,30,5,3
463,HO,2,4,2,5,1
464,H3N,2,23,21,5,1
465,N2,2,4,2,5,1
466,H3N,2,7,5,2,3
467,HN3O4,2,4,2,2,2
468,H2O,2,40,38,3,0
469,H3N,2,6,4,3,1
470,N3O3,2,6,4,3,1
471,H3N,2,11,9,3,2
472,N3O2,2,3,1,2,2
473,HN3O5,2,12,10,2,2
474,H2N,2,4,2,6,4
475,HNO2,2,12,10,6,2
476,H2N2O2,2,4,2,6,4
477,H3N,2,4,2,6,4
478,H3N,2,7,5,6,3
479,H2O,2,6,4,6,2
480,N3O3,2,3,1,6,2
481,H3N,2,6,4,6,3
482,HN3O3,2,3,1,2,2
483,H2N,2,3,1,2,2
484,H3N,2,19,17,5,3
485,H3NO,2,4,2,5,4
486,H2O,2,40,38,5,0
487,HN3O4,2,7,5,5,3
488,N3O3,2,4,2,5,4
489,N3O3,2,8,6,5,3
490,HN3O6,2,8,6,3,4
491,N3O3,2,3,1,3,2
492,H3N,2,8,6,3,4
493,HN3O4,2,5,3,2,3
494,H3N,2,15,13,2,3
495,H3N,2,8,6,2,2
496,HN3O4,2,7,5,2,3
497,H3N,2,22,20,2,2
498,H2O,2,40,38,2,0
499,N2O,2,8,6,2,2
500,NO2,2,3,1,2,2
501,H3N,2,17,15,4,3
502,H2N3O5,2,4,2,4,3
503,N6O7,2,3,1,4,1
504,H2N4O4,2,12,10,3,2
505,HN3O4,2,5,3,3,2
506,H4NO,2,5,3,4,2
507,HN3O4,2,5,3,4,2
508,HN3O3,2,3,1,4,2
509,H3N,2,3,1,4,2
510,H2O,2,40,38,4,0
511,H2O,2,40,38,4,0
512,NO,2,6,4,4,1
513,N2,2,6,4,4,1
514,H4NO,2,11,9,4,2
515,H3N,2,13,11,4,3
516,H3N,2,13,11,4,1
517,H3N,2,3,1,3,2
518,H2N3O4,2,3,1,3,2
519,H3N,2,3,1,3,4
520,N3O3,2,4,2,4,1
521,H3NO,2,12,10,4,3
522,H2N3O4,2,8,6,4,2
523,H3N,2,40,38,4,0
524,H3N,2,3,1,2,2
525,HN3O4,2,3,1,2,2
526,N3O3,2,4,2,2,2
527,H2O,2,40,38,2,0
528,H3N,2,6,4,2,1
529,H3NO,2,3,1,3,6
530,HN3O4,2,3,1,3,6
531,N3O3,2,3,1,3,2
532,H3N,2,14,12,3,2
533,H4NO,2,10,8,3,2
534,N3O3,2,6,4,3,2
535,H2O,2,40,38,3,0
536,H3N,2,3,1,3,1
537,HN3O3,2,3,1,3,2
538,H3N,2,4,2,3,1
539,H2O,2,40,38,2,0
540,N3O3,2,4,2,2,4
541,H3N,2,4,2,2,4
542,H3N,2,27,25,3,2
543,H2N3O4,2,3,1,3,6
544,H3N,2,34,32,3,1
545,H3N,2,40,38,3,0
546,H2O,2,40,38,3,0
547,H3N,2,8,6,3,4
548,N3O3,2,5,3,3,2
549,H3N,2,11,9,2,3
550,HN3O4,2,3,1,2,2
551,H3N,2,24,22,3,1
552,HN3O5,2,40,38,3,0
553,N3O3,2,4,2,3,3
554,H4N4O4,2,5,3,2,2
555,HN3O3,2,3,1,3,2
556,H3N,2,3,1,3,2
557,H2O,2,40,38,3,0
558,H3N,2,13,11,3,1
559,HN3O3,2,4,2,8,4
560,H2O,2,40,38,8,0
561,H2NO,2,3,1,8,2
562,HNO2,2,6,4,8,1
563,N2,2,18,16,8,1
564,H2O,2,40,38,8,0
565,HNO2,2,3,1,8,2
566,H2N,2,3,1,8,2
567,HN2O,2,4,2,8,2
568,H4NO,2,4,2,8,2
569,H3N,2,9,7,8,1
570,H3N,2,3,1,8,2
571,HN3O5,2,16,14,2,2
572,N3O3,2,6,4,2,2
573,NO2,2,26,24,3,2
574,H2O,2,40,38,3,0
575,H3N,2,40,38,3,0
576,N2,2,11,9,3,1
577,H2O,2,40,38,3,0
578,H3N,2,3,1,3,3
579,HN3O3,2,4,2,2,3
580,H2O,2,40,38,2,0
581,H3N,2,4,2,2,3
582,H2N3O4,2,3,1,2,2
583,H3N,2,11,9,2,3
584,H3N,2,20,18,4,1
585,H2O,2,40,38,4,0
586,H3N,2,27,25,4,2
587,HN2O,2,14,12,4,3
588,H3N,2,4,2,4,2
589,NO2,2,9,7,4,4
590,N3O3,2,5,3,4,3
591,H2O,2,3,1,4,4
592,H2N4O3,2,3,1,4,4
593,H2O,2,40,38,4,0
594,H3N,2,8,6,4,3
595,H3N,2,3,1,2,3
596,H2N3O3,2,3,1,2,3
597,HO,2,3,1,2,1
598,H3N,2,40,38,2,2
599,H2O,2,40,38,2,0
600,N2O,2,5,3,2,2
601,HNO2,2,7,5,2,1
602,N2O,2,10,8,7,1
603,NO2,2,13,11,7,2
604,H2O,2,40,38,7,0
605,H3NO,2,4,2,7,2
606,HNO,2,22,20,7,3
607,HO,2,3,1,7,1
608,N4O6,2,7,5,7,1
609,HN2O,2,3,1,7,2
610,HNO2,2,4,2,7,2
611,HN3O4,2,21,19,7,2
612,N2,2,7,5,7,2
613,H2O,2,40,38,3,0
614,H3N,2,40,38,3,0
615,N3O3,2,9,7,3,1
616,H3N,2,5,3,3,3
617,HN3O5,2,31,29,4,3
618,H4NO,2,4,2,4,2
619,H3N,2,4,2,4,4
620,NO2,2,19,17,4,2
621,N2,2,40,38,4,0
622,HN3O3,2,3,1,2,4
623,H2O,2,40,38,2,0
624,H3N,2,6,4,2,9
625,N5O5,2,23,21,3,3
626,NO2,2,8,6,3,2
627,H2O,2,40,38,3,0
628,H3N,2,14,12,3,1
629,H2O,2,40,38,5,0
630,H3NO,2,6,4,5,1
631,H,2,3,1,5,2
632,H3N2O2,2,3,1,5,2
633,N2,2,28,26,5,4
634,H2O,2,40,38,5,0
635,N3O3,2,23,21,5,3
636,H4N4O4,2,3,1,2,3
637,N3O2,2,3,1,5,2
638,HN3O5,2,3,1,5,2
639,H3N,2,40,38,5,0
640,H4NO,2,3,1,5,3
641,H3N,2,40,38,5,0
642,H2O,2,40,38,2,0
643,H3N,2,40,38,2,0
644,HNO2,2,40,38,2,2
645,N2O,2,5,3,2,1
646,H3N,2,5,3,2,3
647,N5O5,2,15,13,3,2
648,H2O,2,40,38,3,0
649,H3N,2,7,5,3,1
650,NO2,2,15,13,3,3
651,N2O,2,8,6,5,3
652,HNO2,2,7,5,5,2
653,H3N,2,8,6,5,2
654,H3NO,2,3,1,5,2
655,H2O,2,40,38,5,0
656,HN3O4,2,3,1,5,2
657,N3O3,2,7,5,3,2
658,H2O,2,40,38,3,0
659,H3N,2,40,38,3,0
660,H3N,2,19,17,3,2
661,N3O3,2,3,1,3,2
662,H2O,2,40,38,3,0
663,H3N,2,9,7,3,2
664,H3N,2,40,38,3,0
665,H3N,2,24,22,3,2
666,H2O,2,40,38,3,0
667,NO2,2,36,34,3,1
668,N2,2,33,31,3,5
669,H2O,2,40,38,3,0
670,H3N,2,25,23,3,4
671,HN3O5,2,40,38,3,0
672,N3O3,2,3,1,3,2
673,H3N,2,16,14,3,2
674,H4N4O4,2,8,6,2,4
675,N3O3,2,21,19,2,1
676,HN3O5,2,27,25,2,2
677,HN3O3,2,3,1,3,3
678,H3N,2,18,16,3,1
679,N3O5,2,3,1,3,2
680,H2O,2,40,38,2,0
681,N3O3,2,3,1,2,2
682,H3N,2,3,1,2,2
683,H4NO,2,6,4,2,2
684,N3O3,2,5,3,2,2
685,H2O,2,40,38,3,0
686,H3N,2,3,1,3,3
687,N3O3,2,4,2,3,2
688,H3N,2,15,13,3,1
689,HN3O5,2,40,38,4,0
690,N3O,2,3,1,4,2
691,H4NO,2,14,12,4,2
692,H2O,2,40,38,4,0
693,H3N,2,40,38,4,0
694,H2O,2,40,38,2,0
695,H3N,2,8,6,2,2
696,N3O3,2,8,6,2,4
697,N6O8,2,38,36,2,2
698,N3O3,2,8,6,3,4
699,H4NO,2,3,1,3,3
700,H3N,2,13,11,3,2
701,H3N,2,18,16,2,2
702,HN3O4,2,3,1,2,4
703,H3N,2,3,1,2,2
704,HO2,2,3,1,2,2
705,N3O3,2,7,5,2,3
706,NO2,2,40,38,2,0
707,H2O,2,40,38,2,0
708,H3N,2,19,17,2,1
709,N2O,2,5,3,2,1
710,N3O3,2,7,5,3,1
711,H2O,2,40,38,3,0
712,H3N,2,34,32,3,1
713,H3N,2,40,38,3,0
714,H3NO,2,16,14,3,2
715,H3N3O4,2,3,1,3,3
716,N3O3,2,3,1,3,1
717,NO2,2,6,4,2,3
718,N5O5,2,13,11,2,3
719,N6O8,2,3,1,2,2
720,N2O,2,8,6,3,1
721,NO2,2,40,38,3,0
722,H2O,2,40,38,3,0
723,H3N,2,33,31,3,2
724,H3N,2,40,38,3,0
725,HN3O4,2,4,2,2,3
726,H3N,2,26,24,2,2
727,HNO2,2,13,11,1,1
728,N2O,2,40,38,1,0
729,H3N,2,18,16,2,2
730,H2O,2,40,38,2,0
731,H2O,2,29,27,3,2
732,H3N,2,3,1,3,1
733,N3O3,2,4,2,3,2
734,H3N,2,13,11,3,4
735,H3N,2,4,2,2,3
736,H2O,2,40,38,2,0
737,N3O3,2,12,10,2,1
738,H3N,3,7,4,2,4
739,HN3O2,3,7,4,2,4
740,H2O,3,6,3,2,2
741,H2N4O3,3,6,3,2,2
742,H4N,3,4,1,2,2
743,N3O3,3,4,1,2,2
744,H2N3O3,3,4,1,2,5
745,H2O,3,4,1,2,5
746,H3NO,3,4,1,2,5
747,H2N3O,3,4,1,3,2
748,HNO2,3,24,21,3,4
749,H2O,3,4,1,3,2
750,N3O3,3,33,30,3,5
751,HN3O3,3,4,1,2,3
752,H3N,3,4,1,2,3
753,HN3O3,3,4,1,2,3
754,H3N,3,15,12,2,3
755,H3NO,3,18,15,2,2
756,H2O,3,29,26,2,2
757,H3N4O3,3,4,1,2,2
758,HN3O4,3,5,2,2,1
759,H3N,3,40,37,2,0
760,N2O,3,4,1,1,1
761,HNO2,3,20,17,1,1
762,HN3O5,3,40,37,4,0
763,NO2,3,28,25,4,2
764,H3N,3,38,35,4,2
765,H4NO,3,4,1,4,2
766,N2,3,4,1,4,2
767,H3N,3,31,28,3,2
768,H2O,3,40,37,3,0
769,H3N,3,7,4,3,3
770,N3O3,3,6,3,3,1
771,N3O5,3,4,1,1,2
772,N3O3,3,4,1,1,2
773,NO2,3,18,15,2,2
774,N5O5,3,5,2,2,1
775,HN3O5,3,40,37,2,0
776,N3O3,3,8,5,2,2
777,HN3O4,3,9,6,3,1
778,H2N4O3,3,4,1,3,2
779,N3O4,3,19,16,2,3
780,H4N,3,6,3,2,3
781,H4NO,3,7,4,2,2
782,HN3O3,3,6,3,2,2
783,H6N2O,3,5,2,3,3
784,N3O3,3,6,3,3,1
785,H,3,5,2,3,3
786,HN3O5,3,40,37,2,0
787,N2O,3,4,1,1,2
788,NO2,3,18,15,1,3
789,HN3O5,3,15,12,2,3
790,HN3O3,3,11,8,2,2
791,N3O4,3,8,5,4,4
792,H3NO,3,6,3,4,2
793,H2O,3,6,3,4,2
794,H2O,3,9,6,4,2
795,N3O2,3,9,6,4,2
796,H2N,3,6,3,4,2
797,H3N4O3,3,4,1,2,2
798,H3N7O7,3,4,1,2,3
799,H2N4O4,3,10,7,3,2
800,HN2O,3,5,2,3,2
801,NO2,3,9,6,3,2
802,N5O5,3,40,37,2,0
803,NO2,3,27,24,2,2
804,NO2,3,14,11,2,1
805,N2,3,15,12,2,2
806,H4NO,3,6,3,2,2
807,H3N,3,40,37,2,0
808,HNO2,3,24,21,2,1
809,H4NO,3,11,8,2,3
810,N3O4,3,22,19,2,3
811,N3O3,3,6,3,2,2
812,H4NO,3,7,4,2,2
813,H2NO3,3,4,1,3,4
814,H3N,3,11,8,3,2
815,HN3O3,3,4,1,3,2
816,H4NO,3,4,1,2,2
817,HN3O3,3,4,1,2,3
818,H2N3O5,3,4,1,2,4
819,HNO,3,9,6,2,2
820,N2,3,4,1,1,1
821,NO,3,4,1,1,1
822,O2,3,4,1,2,4
823,H4N,3,4,1,2,4
824,H4NO,3,4,1,2,2
825,N2,3,15,12,2,1
826,H4NO,3,4,1,2,4
827,N3O2,3,9,6,2,2
828,H4NO,3,26,23,2,2
829,N2,3,24,21,1,1
830,NO2,3,14,11,1,1
831,H4NO,3,15,12,2,2
832,NO2,3,7,4,2,2
833,H3N,3,33,30,2,2
834,H2N,3,4,1,2,2
835,HNO2,3,4,1,2,2
836,H2N,3,4,1,2,1
837,HN3O3,3,6,3,2,2
838,N3O3,3,24,21,2,1
839,H3N,3,40,37,2,0
840,N2O3,3,40,37,1,0
841,NO2,3,9,6,1,3
842,NO2,4,40,36,1,0
843,N2O,4,8,4,1,2
844,H2O,4,40,36,2,0
845,H3N,4,20,16,2,2
846,HN3O4,4,23,19,2,2
847,H3N,4,5,1,2,3
848,HN3O3,4,5,1,2,3
849,NO2,4,40,36,2,0
850,N2,4,13,9,2,1
851,N3O5,4,6,2,2,2
852,HN3O3,4,21,17,2,2
853,H4NO,4,5,1,2,2
854,H,4,5,1,2,3
855,H3N3O,4,5,1,2,3
856,H2N4O3,4,7,3,2,4
857,NO2,4,25,21,1,2
858,N2O,4,6,2,1,1
859,H4NO,4,15,11,2,2
860,NO2,4,40,36,2,0
861,N2,4,40,36,2,2
862,H3N3O,4,9,5,2,2
863,N5O5,4,10,6,1,2
864,NO2,4,40,36,1,0
865,H3N,4,11,7,1,2
866,NO2,4,9,5,2,2
867,H3N,4,8,4,2,2
868,NO2,4,5,1,4,3
869,HN2O,4,7,3,4,3
870,H3NO2,4,7,3,4,3
871,H3N,4,9,5,4,4
872,N3O3,4,6,2,2,2
873,N3O5,4,5,1,2,2
874,HN2O,4,5,1,2,2
875,H3NO,4,5,1,3,2
876,H2O,4,7,3,3,3
877,H2N,4,7,3,3,3
878,N2,4,16,12,3,2
879,NO2,4,5,1,2,2
880,HNO,4,39,35,2,2
881,H2O,4,39,35,2,2
882,N2,4,7,3,2,1
883,H3N,4,11,7,2,2
884,H2NO3,4,5,1,2,3
885,N3O3,4,6,2,1,2
886,H3N,4,10,6,1,4
887,H2N,4,6,2,2,3
888,H2N3O4,4,10,6,2,1
889,H3N,4,5,1,5,4
890,H2O,4,5,1,5,4
891,H3N,4,5,1,5,4
892,H2N3O3,4,5,1,5,4
893,HN3O5,4,5,1,5,3
894,H2N,4,5,1,2,3
895,H2O,4,5,1,2,3
896,N3O2,4,6,2,2,2
897,H3N,4,16,12,3,2
898,H2O,4,40,36,3,0
899,N3O2,4,10,6,3,2
900,HNO3,4,14,10,3,2
901,H3N,4,40,36,2,0
902,H4NO2,4,5,1,2,2
903,N2O,4,5,1,2,3
904,H4NO,4,6,2,2,2
905,H3NO,4,5,1,3,2
906,H2O,4,5,1,3,2
907,HN3O4,4,5,1,3,2
908,H3N,4,8,4,3,2
909,HN2O,4,11,7,2,4
910,H3NO,4,8,4,2,2
911,HN3O3,4,13,9,2,4
912,H3N,4,14,10,2,1
913,N3O2,4,6,2,2,2
914,H4NO,4,7,3,2,3
915,H2N4O3,4,6,2,3,2
916,HN3O5,4,10,6,3,4
917,H3N,4,5,1,2,3
918,H2N2O2,4,5,1,2,3
919,H2N,4,5,1,2,2
920,HN3O3,4,5,1,2,2
921,H2N,4,5,1,2,2
922,H2O,4,5,1,2,2
923,N3O3,4,5,1,2,2
924,H2N,4,5,1,2,2
925,H2O,4,5,1,2,2
926,N3O2,4,5,1,2,2
927,N3O3,4,6,2,1,1
928,H3N,4,40,36,1,0
929,N3O2,4,6,2,2,2
930,H2O,4,5,1,2,3
931,H2N,4,5,1,2,3
932,N3O,4,7,3,2,2
933,H3N,4,17,13,2,2
934,HN3O3,4,28,24,2,4
935,N3O3,4,5,1,1,1
936,H2N,4,5,1,1,1
937,H3N,5,10,5,3,1
938,HNO2,5,15,10,3,2
939,N3O3,5,8,3,3,2
940,N3O3,5,11,6,3,1
941,H3NO,5,6,1,3,2
942,HN3O3,5,6,1,3,2
943,HN5O5,5,20,15,2,2
944,H3N,5,7,2,2,2
945,HNO2,5,6,1,2,3
946,H3NO,5,6,1,2,3
947,HO,5,6,1,2,1
948,H3N,5,7,2,2,4
949,N2,5,40,35,2,0
950,H3N,5,7,2,2,1
951,HN3O4,5,7,2,2,1
952,HO,5,6,1,1,1
953,N2,5,6,1,1,1
954,H2N2O2,5,7,2,2,2
955,N3O3,5,7,2,2,2
956,H4NO,5,7,2,2,4
957,H3N,5,23,18,2,1
958,N2O3,5,19,14,1,2
959,NO2,5,6,1,1,2
960,H2N3O4,5,11,6,2,4
961,H2NO,5,6,1,2,2
962,H4N,5,6,1,4,4
963,H3NO,5,6,1,4,4
964,H2O,5,6,1,4,4
965,HN3O2,5,6,1,4,4
966,H3NO,5,7,2,3,2
967,H2O,5,7,2,3,2
968,HNO2,5,7,2,3,2
969,H3N3O,5,7,2,2,2
970,H2N4O3,5,8,3,2,3
971,H4NO,5,6,1,2,2
972,H3NO,5,6,1,2,2
973,H2N3O,5,8,3,4,3
974,H2O,5,8,3,4,3
975,H3N,5,8,3,4,3
976,H2N4O4,5,40,35,3,0
977,H2O,5,40,35,3,0
978,H3N,5,40,35,3,0
979,H2N4O3,5,6,1,1,9
980,H2O,5,40,35,1,0
981,H2N3O5,5,9,4,3,2
982,H4NO,5,7,2,3,3
983,H2N4O4,5,40,35,3,0
984,H2O,5,40,35,3,0
985,N3O4,5,15,10,3,1
986,N8O9,5,6,1,2,2
987,H3N,5,6,1,2,2
988,N3O3,5,8,3,2,2
989,H4NO,5,9,4,2,7
990,HO,5,6,1,2,1
991,N2,5,6,1,2,1
992,H3N,5,8,3,3,2
993,HN3O4,5,9,4,3,7
994,HN6O7,5,8,3,2,3
995,H4NO,5,6,1,2,2
996,N3O3,5,7,2,2,1
997,H3N3O,5,8,3,2,2
998,H3N,5,6,1,3,3
999,HN3O3,5,6,1,3,3
1000,HN2O,5,14,9,2,2
1001,H3N,5,14,9,2,2
1002,NO2,5,8,3,1,2
1003,N2O,5,6,1,1,1
1004,NO2,5,15,10,1,3
1005,N2O,5,24,19,1,1
1006,H,6,10,4,3,3
1007,H6N2O,6,7,1,3,2
1008,NO2,6,7,1,3,2
1009,N2O,6,10,4,1,1
1010,HNO2,6,10,4,1,2
1011,H3N4O3,6,8,2,2,2
1012,H3N,6,16,10,2,2
1013,HN2O,6,11,5,2,3
1014,NO2,6,7,1,2,1
1015,H4NO,6,7,1,2,4
1016,NO2,6,10,4,1,2
1017,N2O,6,18,12,1,1
1018,H4NO,6,7,1,3,3
1019,H3NO,6,7,1,3,3
1020,HN3O3,6,8,2,2,2
1021,H3N,6,11,5,2,6
1022,H2N,6,7,1,3,4
1023,H2NO2,6,7,1,3,4
1024,HN,6,7,1,3,4
1025,NO2,6,15,9,2,4
1026,N3O3,6,34,28,2,2
1027,H3N,6,9,3,5,2
1028,H2O,6,40,34,5,0
1029,NO2,6,13,7,5,2
1030,H4NO,6,9,3,5,2
1031,NO2,6,13,7,5,2
1032,HNO,6,22,16,5,3
1033,N2,6,40,34,5,0
1034,N2,6,14,8,5,3
1035,H3N,6,38,32,5,2
1036,H3N4O4,6,7,1,3,4
1037,HN3O5,6,7,1,3,4
1038,HN2O,6,8,2,2,2
1039,H3NO,6,7,1,3,4
1040,H2N3O4,6,7,1,3,4
1041,HN3O3,6,11,5,2,6
1042,H3NO,6,16,10,2,6
1043,H4NO,6,31,25,2,2
1044,N3O3,6,7,1,2,3
1045,N3O2,6,7,1,2,2
1046,H2O,6,7,1,2,2
1047,H2N,6,7,1,2,2
1048,H3N,6,7,1,4,2
1049,H2O,6,40,34,4,0
1050,H3N,6,8,2,4,4
1051,H2N3O3,6,7,1,4,2
1052,N6O7,6,7,1,2,3
1053,HN2O,6,10,4,2,2
1054,H3N4O4,6,7,1,2,2
1055,H2N,6,7,1,2,2
1056,HN3O4,6,7,1,2,2
1057,N2O,6,18,12,1,1
1058,NO2,6,30,24,1,2
1059,H3N,6,40,34,2,0
1060,HN3O5,6,15,9,2,2
1061,H4NO,6,7,1,2,2
1062,H3N,6,7,1,2,2
1063,N3O5,6,7,1,1,2
1064,N5O4,6,7,1,1,4
1065,N3O3,6,7,1,1,1
1066,H2N,6,7,1,1,1
1067,N2,6,18,12,1,3
1068,NO2,6,14,8,1,2
1069,N3O,6,7,1,2,2
1070,N2,6,7,1,1,3
1071,NO2,6,13,7,1,2
1072,HO,6,8,2,1,1
1073,H3N,6,8,2,1,1
1074,HN3O3,6,9,3,2,2
1075,N6O7,6,10,4,2,1
1076,H3N3O,6,11,5,2,3
1077,H4NO2,6,20,14,2,2
1078,H3N,6,25,19,2,5
1079,N2,6,40,34,1,0
1080,NO2,6,14,8,1,2
1081,H3N4O2,7,8,1,5,3
1082,H3N,7,40,33,5,0
1083,HN3O5,7,40,33,5,0
1084,H4N4O4,7,8,1,5,2
1085,H2N,7,10,3,3,2
1086,HN6O8,7,10,3,3,2
1087,H2O,7,8,1,2,3
1088,N3O3,7,13,6,2,1
1089,H2N,7,8,1,2,3
1090,N5O4,7,8,1,2,2
1091,HNO2,7,9,2,2,2
1092,H5N2O,7,9,2,2,2
1093,HN3O3,7,8,1,3,2
1094,H3N,7,40,33,3,0
1095,HN3O5,7,8,1,3,2
1096,H3N,7,24,17,2,2
1097,HNO2,7,40,33,2,0
1098,H3N4O3,7,8,1,3,2
1099,N3O3,7,13,6,3,1
1100,H2O,7,11,4,3,4
1101,H2NO,7,11,4,3,4
1102,H3N,7,26,19,3,4
1103,H3NO,7,36,29,3,1
1104,HN3O3,7,10,3,3,2
1105,N2O,7,8,1,3,1
1106,H3N,7,10,3,1,3
1107,N2O,7,14,7,1,1
1108,HN2O,7,8,1,2,2
1109,HN3O4,7,8,1,2,2
1110,H2N,7,9,2,2,2
1111,H2O,7,9,2,2,2
1112,H3NO,7,9,2,2,2
1113,HN3O3,7,19,12,2,6
1114,H3NO,7,10,3,2,1
1115,H4N4O4,7,9,2,2,2
1116,H4NO,7,8,1,4,4
1117,NO2,7,9,2,4,4
1118,H2N,7,10,3,4,1
1119,H3N,7,8,1,4,4
1120,H2N,7,8,1,3,2
1121,H2O,7,8,1,3,2
1122,H3N,7,8,1,3,2
1123,N2O,7,9,2,3,1
1124,H3NO2,7,9,2,3,3
1125,HN3O3,7,9,2,3,3
1126,H3N4O3,7,8,1,2,2
1127,H3NO,7,38,31,1,2
1128,N3O3,7,16,9,1,3
1129,H4N3O2,7,8,1,3,2
1130,H3N,7,9,2,3,4
1131,H,7,11,4,3,3
1132,N5O5,7,40,33,2,0
1133,NO2,7,8,1,2,2
1134,NO2,7,30,23,2,11
1135,HN2O,7,9,2,2,2
1136,H2N,7,9,2,2,2
1137,N5O8,7,11,4,2,3
1138,H,7,9,2,2,2
1139,H3N3O,7,9,2,2,2
1140,H4NO,7,8,1,2,4
1141,HN3O2,7,15,8,2,2
1142,N3O5,7,8,1,1,4
1143,NO2,7,9,2,1,4
1144,N2,7,40,33,1,0
1145,H2N4O3,7,10,3,2,4
1146,H3N,7,9,2,2,7
1147,N3O4,7,32,25,2,2
1148,HN4O5,7,8,1,2,2
1149,HN3O3,7,8,1,3,2
1150,H3N,7,27,20,3,2
1151,H3N,7,8,1,2,4
1152,H4NO,7,8,1,2,4
1153,H4NO,7,10,3,3,3
1154,H2NO3,7,8,1,3,4
1155,NO2,7,15,8,1,2
1156,N2O3,7,40,33,1,0
1157,NO,7,10,3,2,1
1158,H4NO,7,39,32,2,2
1159,N2,7,40,33,1,0
1160,NO,7,9,2,1,2
1161,NO,7,8,1,1,2
1162,N2,7,17,10,1,1
1163,H3N,8,13,5,3,2
1164,H2O,8,13,5,3,4
1165,H2N4O2,8,12,4,3,2
1166,N3O2,8,9,1,2,2
1167,H4NO,8,9,1,2,2
1168,N3O6,8,10,2,3,1
1169,H3N,8,22,14,3,3
1170,H2O,8,40,32,3,0
1171,N3O3,8,20,12,3,1
1172,H2N,8,9,1,2,2
1173,HNO2,8,9,1,2,2
1174,N2O,8,17,9,1,4
1175,NO2,8,34,26,1,2
1176,N3O3,8,10,2,1,2
1177,H3N,8,23,15,1,2
1178,N3O3,8,10,2,1,1
1179,H3N,8,10,2,1,1
1180,H2N2O2,8,11,3,2,3
1181,N3O3,8,20,12,2,2
1182,H2N,8,9,1,4,4
1183,H2N5O5,8,9,1,4,4
1184,H3NO,8,9,1,4,4
1185,NO2,8,40,32,4,0
1186,H3N,8,10,2,3,2
1187,H4NO,8,10,2,3,2
1188,N5O5,8,36,28,2,2
1189,NO2,8,20,12,2,3
1190,H2O,8,9,1,1,1
1191,H2N4O3,8,9,1,1,1
1192,H2N2O2,8,9,1,2,2
1193,N3O2,8,10,2,2,2
1194,HN2O,8,12,4,2,2
1195,H2N,8,9,1,2,2
1196,H2N,8,9,1,2,2
1197,HNO2,8,9,1,2,2
1198,NO2,8,12,4,3,1
1199,N2,8,40,32,3,0
1200,H4NO,8,9,1,3,4
1201,H3NO,8,9,1,3,4
1202,H3N,8,19,11,3,3
1203,H3NO,8,10,2,3,3
1204,H2O,8,10,2,3,3
1205,HNO2,8,9,1,3,2
1206,H3N3O,8,10,2,4,2
1207,H3NO,8,10,2,4,2
1208,HN2O,8,10,2,4,2
1209,N5O5,8,11,3,2,3
1210,H4NO,8,12,4,2,2
1211,N3O2,8,11,3,2,2
1212,H2N4O3,8,9,1,3,7
1213,H2N3O5,8,9,1,3,7
1214,H4N3O2,8,9,1,2,4
1215,H3N,8,40,32,2,0
1216,H2NO,8,10,2,2,2
1217,HN2O,8,10,2,2,2
1218,H2N4O3,8,9,1,3,3
1219,HNO2,8,9,1,3,3
1220,HN5O5,8,40,32,3,0
1221,H2N,8,9,1,2,2
1222,HN3O3,8,9,1,2,2
1223,H2N,8,9,1,2,2
1224,HN3O4,8,9,1,2,3
1225,H3N,8,9,1,2,3
1226,H4NO,8,11,3,2,2
1227,NO,8,11,3,2,2
1228,H3NO,8,11,3,3,3
1229,H3N4O3,8,9,1,3,2
1230,HNO2,8,11,3,3,3
1231,N2O3,8,40,32,3,0
1232,HN3O3,8,9,1,1,2
1233,NO2,8,9,1,1,2
1234,N5O5,8,19,11,2,1
1235,H4NO,8,10,2,2,2
1236,HN3O3,8,12,4,2,3
1237,HNO2,8,30,22,2,4
1238,H3N,8,9,1,1,1
1239,N2O,8,9,1,1,1
1240,N3O3,8,15,7,2,2
1241,N3O5,8,9,1,2,1
1242,H3N,8,30,22,2,3
1243,HNO2,8,11,3,2,2
1244,N3O4,8,9,1,1,1
1245,N2,8,9,1,1,1
1246,N3O3,8,14,6,1,1
1247,H3N,8,10,2,1,2
1248,N2,9,40,31,3,0
1249,N3O5,9,16,7,3,1
1250,H3N,9,23,14,2,3
1251,NO2,9,40,31,2,0
1252,N5O4,9,10,1,2,2
1253,NO2,9,10,1,2,3
1254,H6N2O,9,10,1,2,3
1255,HN3O3,9,15,6,2,2
1256,H3N,9,15,6,2,2
1257,H,9,13,4,2,3
1258,N4O6,9,12,3,2,3
1259,H3N,9,10,1,1,1
1260,HN3O4,9,10,1,1,1
1261,HO,9,10,1,1,1
1262,HN2O,9,10,1,1,1
1263,H3N,9,10,1,3,2
1264,HN3O3,9,11,2,3,2
1265,N2O,9,22,13,1,1
1266,H3N,9,22,13,1,3
1267,H4NO,9,15,6,3,5
1268,HNO3,9,40,31,3,0
1269,HNO2,9,10,1,2,2
1270,HN,9,10,1,2,2
1271,H3NO,9,10,1,4,2
1272,N5O5,9,11,2,4,2
1273,H3N,9,31,22,4,1
1274,HNO2,9,10,1,4,2
1275,H3N,9,12,3,3,1
1276,N3O3,9,12,3,3,1
1277,HNO4,9,13,4,3,3
1278,N5O5,9,12,3,2,3
1279,H4N4O4,9,10,1,2,2
1280,H3N,9,18,9,2,1
1281,NO2,9,33,24,2,2
1282,H3N,9,25,16,3,2
1283,H3NO,9,20,11,3,2
1284,H2O,9,20,11,3,2
1285,H2N,9,13,4,3,3
1286,H3N,9,10,1,2,2
1287,H4NO,9,10,1,2,2
1288,H3N,9,14,5,2,1
1289,HN2O,9,10,1,2,3
1290,NO2,9,27,18,2,2
1291,H3N,9,30,21,2,2
1292,N3O3,9,40,31,2,0
1293,H3N,9,16,7,2,3
1294,N2O,9,14,5,2,1
1295,HN6O8,9,37,28,2,2
1296,H3N,9,34,25,3,3
1297,H2N4O3,9,17,8,3,2
1298,H3N4O5,9,18,9,2,4
1299,HN3O5,9,11,2,2,3
1300,H2NO,9,11,2,2,1
1301,N5O5,9,40,31,2,0
1302,HNO2,9,28,19,2,1
1303,H3N4O3,9,10,1,2,2
1304,HNO2,9,11,2,4,3
1305,HN3O,9,10,1,4,2
1306,HNO2,9,10,1,4,2
1307,H4NO,9,11,2,4,3
1308,N3O3,9,12,3,5,3
1309,H2O,9,12,3,5,3
1310,H2NO2,9,13,4,5,2
1311,H3NO,9,11,2,5,2
1312,H2N,9,13,4,5,2
1313,H2N3O,9,10,1,5,2
1314,HN3O5,9,10,1,5,2
1315,H4NO,9,18,9,2,2
1316,N2O,9,40,31,2,0
1317,NO2,9,14,5,2,1
1318,N2O,9,11,2,1,1
1319,HNO2,9,11,2,1,1
1320,H3N3O,9,10,1,2,2
1321,H2N,9,10,1,2,3
1322,H4N4O3,9,10,1,2,3
1323,H3N,10,23,13,3,2
1324,N9O11,10,11,1,3,3
1325,H3N4O6,10,11,1,2,4
1326,N2,10,16,6,1,1
1327,N3O4,10,16,6,1,1
1328,HNO2,10,12,2,3,3
1329,H4NO,10,11,1,3,2
1330,H2N,10,11,1,3,2
1331,H2N,10,11,1,2,1
1332,H2O,10,11,1,2,1
1333,N2,10,14,4,2,2
1334,H3N4O3,10,11,1,2,2
1335,H2N,10,11,1,2,2
1336,HNO2,10,12,2,2,2
1337,H3N4O3,10,11,1,2,2
1338,HN4O4,10,11,1,2,2
1339,HN5O5,10,11,1,2,2
1340,NO2,10,11,1,1,2
1341,N2,10,40,30,1,0
1342,H4NO,10,11,1,2,3
1343,N3O2,10,11,1,2,2
1344,H4N4O4,10,12,2,2,3
1345,H3N,10,14,4,2,2
1346,H2NO3,10,40,30,2,0
1347,H3N3O2,10,11,1,2,2
1348,HN3O4,10,12,2,2,2
1349,H3N,10,19,9,2,2
1350,N3O3,10,11,1,2,1
1351,H3N,10,13,3,2,1
1352,H3N,10,11,1,2,1
1353,H2N4O4,10,33,23,4,2
1354,HN3O5,10,23,13,4,2
1355,H3N,10,13,3,4,1
1356,N3O3,10,13,3,4,1
1357,N9O11,10,11,1,2,2
1358,NO2,10,14,4,2,2
1359,H2N,10,12,2,2,2
1360,N2O,10,11,1,2,2
1361,H4NO,10,11,1,2,2
1362,H3N,10,31,21,2,1
1363,H4NO,10,13,3,2,2
1364,H2N3O5,10,11,1,2,2
1365,HN3O,10,11,1,2,2
1366,H4NO,10,15,5,2,3
1367,H3N,10,15,5,2,3
1368,H4NO,10,15,5,2,4
1369,H3N,10,13,3,2,2
1370,NO2,10,17,7,2,2
1371,H2N3O,10,11,1,2,3
1372,H3NO,10,11,1,2,4
1373,N2O,10,18,8,2,2
1374,H2N2O2,10,11,1,2,6
1375,N3O2,10,13,3,2,2
1376,H4NO,10,13,3,3,2
1377,H2O,10,12,2,3,3
1378,H3NO,10,12,2,3,3
1379,H3N,10,40,30,1,0
1380,N3O3,10,19,9,1,3
1381,H4N4O4,10,11,1,2,2
1382,NO2,10,25,15,1,2
1383,N2,10,23,13,1,2
1384,H2N4O3,10,16,6,1,1
1385,H2O,10,16,6,1,1
1386,N2O,10,15,5,1,1
1387,H3N,10,15,5,1,1
1388,N2,10,11,1,1,2
1389,HO,10,11,1,1,2
1390,H2NO2,10,11,1,2,2
1391,H2NO,10,11,1,2,2
1392,H3N,10,38,28,1,1
1393,N2O,10,14,4,1,1
1394,HNO2,11,40,29,2,0
1395,H3N,11,32,21,2,1
1396,H3N,11,12,1,4,2
1397,HN3O4,11,12,1,4,2
1398,HN3O5,11,22,11,4,2
1399,HO,11,12,1,4,2
1400,H2N4O6,11,18,7,3,3
1401,H2O,11,18,7,3,3
1402,H3N,11,18,7,3,3
1403,N2O,11,12,1,3,1
1404,N3O4,11,21,10,1,4
1405,N3O5,11,12,1,1,1
1406,N3O2,11,12,1,1,1
1407,H2N,11,12,1,2,2
1408,HN9O11,11,12,1,2,2
1409,H5N2O,11,12,1,2,3
1410,H,11,12,1,2,3
1411,N3O3,11,12,1,1,1
1412,H3N,11,12,1,1,1
1413,N2,11,40,29,1,0
1414,NO2,11,40,29,1,0
1415,HO,11,12,1,3,1
1416,H3NO,11,15,4,3,2
1417,H2O,11,15,4,3,2
1418,N2,11,25,14,3,3
1419,NO2,11,20,9,3,5
1420,N2,11,12,1,3,1
1421,HN2O,11,12,1,2,2
1422,H2O,11,12,1,2,2
1423,H2N3O,11,12,1,2,2
1424,H3N,11,15,4,2,2
1425,H2O,11,40,29,2,0
1426,N2O,11,16,5,2,2
1427,N3O2,11,13,2,2,2
1428,H3NO,11,12,1,2,2
1429,N3O3,11,13,2,1,3
1430,H3N,11,13,2,1,3
1431,H2N4O4,11,34,23,2,2
1432,N5O5,11,40,29,2,0
1433,H6N2O,11,13,2,2,2
1434,H,11,15,4,2,3
1435,H4NO,11,14,3,2,2
1436,HNO2,11,12,1,2,2
1437,H2N,11,12,1,2,2
1438,H3NO,11,14,3,1,1
1439,N2O,11,14,3,1,1
1440,H3NO,11,13,2,2,2
1441,HNO2,11,13,2,2,2
1442,H2N,11,12,1,2,3
1443,H2O,11,12,1,2,3
1444,H3N,11,31,20,2,1
1445,HN5O5,11,12,1,2,2
1446,H2N,11,12,1,2,2
1447,H2N4O5,11,14,3,2,1
1448,NO2,11,22,11,1,2
1449,HN2O,11,12,1,1,3
1450,HN3O3,11,18,7,2,2
1451,H3N4O3,11,12,1,2,2
1452,H2N3O5,11,12,1,3,3
1453,HN5O8,11,13,2,3,2
1454,HN,11,12,1,3,3
1455,H3N,11,40,29,2,0
1456,HN3O5,11,32,21,2,2
1457,N2O,11,23,12,2,2
1458,H2NO2,11,12,1,2,3
1459,H2N,11,12,1,2,3
1460,N5O3,11,12,1,2,6
1461,H2NO,11,12,1,3,3
1462,N2,11,12,1,3,3
1463,H2NO2,11,12,1,3,3
1464,HN2O,11,12,1,2,2
1465,H3NO,11,12,1,2,2
1466,H2N,11,12,1,3,2
1467,H2N2O2,11,12,1,3,2
1468,NO2,11,19,8,2,2
1469,H3N,11,40,29,2,0
1470,HO,11,12,1,2,1
1471,H2O,11,16,5,1,3
1472,H2N4O3,11,15,4,1,4
1473,HN3O5,11,40,29,2,0
1474,H2N3O,11,12,1,2,3
1475,NO2,11,13,2,1,2
1476,N2,11,12,1,1,2
1477,HN4O2,12,13,1,2,4
1478,H2N3O5,12,13,1,2,4
1479,NO2,12,18,6,3,2
1480,N2,12,40,28,3,0
1481,H2O,12,40,28,3,0
1482,HNO,12,23,11,3,4
1483,N3O3,12,15,3,3,1
1484,N2,12,23,11,3,4
1485,H3N,12,40,28,2,0
1486,H3N4O4,12,17,5,2,2
1487,H3NO,12,14,2,3,3
1488,H2N3O4,12,14,2,3,3
1489,H3N,12,21,9,3,4
1490,H4NO,12,13,1,3,2
1491,NO2,12,13,1,3,2
1492,H3N,12,40,28,3,0
1493,N12O15,12,13,1,3,1
1494,H3N,12,15,3,2,3
1495,NO2,12,14,2,2,1
1496,N6O7,12,13,1,2,3
1497,H3N4O3,12,14,2,2,2
1498,H2N2O2,12,15,3,3,2
1499,H3N3O,12,15,3,3,2
1500,NO2,12,31,19,2,2
1501,H4NO,12,13,1,2,2
1502,H3N4O4,12,13,1,4,3
1503,H2N4O7,12,13,1,4,3
1504,H4NO,12,15,3,4,3
1505,N2O,12,13,1,2,2
1506,HN3O4,12,13,1,2,2
1507,H3N,12,13,1,2,2
1508,H3N,12,13,1,4,2
1509,H2NO3,12,15,3,4,3
1510,H3N,12,34,22,4,2
1511,HN2O,12,21,9,2,2
1512,NO,12,13,1,2,2
1513,HN3O5,12,13,1,2,2
1514,N5O5,12,15,3,2,5
1515,H3N,12,15,3,2,5
1516,N2O,12,13,1,2,2
1517,H3N,12,14,2,2,2
1518,N3O3,12,40,28,2,0
1519,H2N6O8,12,13,1,3,3
1520,H2N,12,13,1,3,3
1521,HN3O5,12,40,28,2,0
1522,H3NO,12,13,1,2,2
1523,HN2O,12,13,1,2,2
1524,HN2O,12,13,1,2,2
1525,H3N,12,13,1,2,2
1526,HN3O4,12,26,14,3,2
1527,H3N,12,40,28,3,0
1528,N2O,12,15,3,3,2
1529,N2O,12,21,9,2,2
1530,H4NO,12,14,2,2,2
1531,N3O3,12,20,8,2,1
1532,H3N,12,40,28,2,0
1533,HO,12,13,1,2,1
1534,N3O3,12,14,2,1,1
1535,H3N,12,14,2,1,1
1536,H3N4O3,12,13,1,2,2
1537,N2,12,40,28,3,0
1538,H3NO,12,15,3,3,3
1539,HN3O5,12,40,28,3,0
1540,H3N3O,12,13,1,3,2
1541,H,12,13,1,3,2
1542,NO2,12,22,10,3,2
1543,N5O5,12,21,9,2,1
1544,H3N4O3,12,13,1,2,2
1545,N3O2,13,14,1,3,2
1546,H3N,13,14,1,3,2
1547,HN3O5,13,29,16,3,2
1548,HO,13,14,1,3,2
1549,H2NO2,13,14,1,2,2
1550,H2NO,13,14,1,2,2
1551,H2N4O4,13,15,2,3,2
1552,HN2O,13,23,10,3,3
1553,N3O2,13,15,2,3,2
1554,HN3O5,13,14,1,3,3
1555,H2N4O3,13,14,1,3,3
1556,H2N,13,14,1,2,2
1557,HNO2,13,14,1,2,2
1558,H3N,13,14,1,2,2
1559,HN3O3,13,14,1,2,2
1560,H5N2O,13,15,2,2,3
1561,HNO2,13,15,2,2,3
1562,H4N4O4,13,15,2,3,3
1563,HN3O5,13,22,9,3,2
1564,HNO2,13,40,27,3,0
1565,H3NO,13,15,2,2,5
1566,HNO2,13,15,2,2,5
1567,H3N,13,34,21,1,2
1568,N3O3,13,16,3,1,2
1569,H2N,13,14,1,2,2
1570,HNO2,13,14,1,2,2
1571,N5O5,13,40,27,3,0
1572,H4N,13,15,2,3,4
1573,H2N,13,14,1,2,2
1574,H2N3O5,13,14,1,2,2
1575,HNO2,13,15,2,2,2
1576,N3O4,13,15,2,2,2
1577,N5O3,13,14,1,2,2
1578,H3N,13,14,1,2,2
1579,H4NO,13,14,1,2,2
1580,H3N13O15,13,14,1,2,2
1581,H3N,13,40,27,2,0
1582,N3O4,13,21,8,2,1
1583,HN3O4,13,15,2,2,3
1584,H4NO,13,21,8,2,3
1585,H2N,13,14,1,1,1
1586,H2O,13,17,4,1,4
1587,HNO2,13,14,1,2,3
1588,H3N,13,14,1,2,3
1589,H4NO,13,40,27,2,0
1590,N2,13,29,16,2,2
1591,HNO2,13,14,1,2,2
1592,H2N,13,14,1,2,2
1593,H2N2O2,13,14,1,2,3
1594,H2N,13,14,1,2,3
1595,H2N5O8,13,15,2,3,3
1596,H2N4O4,13,40,27,3,0
1597,H3N4O3,13,14,1,2,2
1598,HN5O5,13,14,1,4,2
1599,H2N,13,14,1,4,2
1600,H3N2O4,13,16,3,4,2
1601,H4NO,13,14,1,2,2
1602,N2,13,26,13,2,2
1603,N2O,13,14,1,1,1
1604,NO,13,14,1,1,1
1605,HN4O5,13,14,1,2,2
1606,H3N4O3,13,14,1,2,2
1607,N3O3,13,40,27,1,0
1608,H3N,13,40,27,1,0
1609,HNO2,13,14,1,2,2
1610,HO,13,14,1,2,1
1611,N2,13,39,26,2,2
1612,H2N,13,14,1,2,2
1613,HNO2,13,14,1,2,2
1614,H2N,13,14,1,2,2
1615,H3N,14,15,1,3,3
1616,HN3O4,14,15,1,3,3
1617,HN2O,14,15,1,3,3
1618,H2N4O2,14,15,1,3,2
1619,H2O,14,15,1,3,2
1620,N3O3,14,15,1,1,1
1621,H3N,14,15,1,1,1
1622,NO2,14,15,1,2,2
1623,H4NO,14,15,1,2,2
1624,N4O6,14,16,2,2,2
1625,N3O3,14,15,1,1,1
1626,H3N,14,15,1,1,1
1627,H3N,14,20,6,2,2
1628,NO2,14,40,26,2,0
1629,H3N,14,15,1,2,2
1630,HN2O,14,15,1,2,2
1631,N3O2,14,16,2,2,2
1632,H4NO,14,16,2,2,2
1633,H3N,14,24,10,2,1
1634,H4NO,14,16,2,2,6
1635,N3O3,14,15,1,2,2
1636,H3N,14,15,1,2,2
1637,N3O5,14,15,1,2,2
1638,H2N,14,15,1,2,3
1639,HN5O3,14,15,1,2,3
1640,H2N,14,15,1,2,2
1641,HNO2,14,15,1,2,2
1642,H3N3O2,14,16,2,2,2
1643,H3N,14,15,1,2,3
1644,NO2,14,27,13,2,2
1645,H3N,14,15,1,2,4
1646,HN3O5,14,40,26,2,2
1647,HNO2,14,15,1,2,2
1648,H2N,14,15,1,2,2
1649,N2O4,14,15,1,2,3
1650,H3N,14,24,10,2,1
1651,NO2,14,28,14,2,2
1652,N12O15,14,15,1,1,1
1653,H3N,14,15,1,1,1
1654,H4NO,14,39,25,2,2
1655,H2N5O7,14,15,1,2,1
1656,H2NO2,14,23,9,3,3
1657,H3N,14,15,1,3,2
1658,N2O,14,17,3,3,3
1659,H2N3O,14,15,1,2,2
1660,H3N,14,15,1,1,1
1661,HO,14,15,1,1,1
1662,NO2,14,35,21,2,2
1663,H3N,14,17,3,2,3
1664,N2O,14,16,2,2,3
1665,H4N,14,15,1,2,2
1666,H3N,14,22,8,2,2
1667,HN3O5,14,40,26,2,0
1668,NO2,14,27,13,2,2
1669,H4NO,14,16,2,2,2
1670,H3N,14,20,6,2,2
1671,N5O5,14,37,23,2,2
1672,H3N3O,14,15,1,2,2
1673,HO,14,15,1,2,1
1674,H3NO,14,19,5,2,2
1675,N2,14,15,1,2,1
1676,N3O3,14,25,11,1,4
1677,HNO2,14,19,5,1,2
1678,H3N4O3,14,15,1,2,2
1679,HNO2,14,15,1,2,2
1680,H3NO,14,15,1,2,2
1681,H3N,14,40,26,2,0
1682,NO2,14,40,26,2,0
1683,H3N4O3,14,15,1,2,2
1684,N3O2,14,18,4,2,2
1685,H3N,14,19,5,1,2
1686,N3O3,14,19,5,1,2
1687,H3N3O,14,15,1,2,3
1688,HN2O,15,19,4,2,2
1689,HN4O4,15,19,4,2,2
1690,N3O2,15,17,2,2,2
1691,H4NO,15,17,2,2,2
1692,H2N,15,16,1,2,3
1693,HN2O,15,16,1,2,3
1694,H3N,15,34,19,2,1
1695,H3N4O2,15,16,1,2,2
1696,HO,15,16,1,2,2
1697,H3N4O3,15,19,4,2,2
1698,H3N4O3,15,17,2,2,2
1699,H4NO,15,16,1,2,2
1700,NO2,15,16,1,2,2
1701,HN2O,15,17,2,2,3
1702,H2N,15,17,2,2,3
1703,HN3O5,15,21,6,2,2
1704,NO,15,21,6,2,2
1705,H2N4O3,15,16,1,3,2
1706,HN3O5,15,20,5,3,3
1707,HNO2,15,16,1,3,2
1708,H2N,15,16,1,3,2
1709,H2O,15,16,1,3,2
1710,H2N,15,16,1,3,2
1711,H3N,15,16,1,1,1
1712,N3O3,15,16,1,1,1
1713,H4NO,15,17,2,3,3
1714,H2N,15,16,1,3,2
1715,HNO2,15,16,1,3,2
1716,NO2,15,24,9,2,4
1717,H3N,15,24,9,2,4
1718,HN5O5,15,16,1,2,2
1719,H3NO,15,16,1,2,2
1720,H4NO,15,20,5,3,5
1721,HN2O,15,17,2,3,1
1722,H3N4O3,15,16,1,2,2
1723,H2N,15,16,1,2,2
1724,H2O,15,16,1,2,2
1725,HNO2,15,16,1,2,2
1726,H3N,15,16,1,1,2
1727,N3O3,15,18,3,1,2
1728,H2N8O11,15,16,1,2,2
1729,H3N,15,40,25,2,0
1730,H3NO,15,16,1,2,3
1731,NO2,15,40,25,2,0
1732,N2,15,40,25,2,2
1733,H3NO,15,17,2,2,2
1734,HNO2,15,17,2,2,2
1735,NO2,15,27,12,2,2
1736,H3N,15,21,6,2,2
1737,H4NO,15,19,4,2,2
1738,N2,15,19,4,2,2
1739,HN5O8,15,20,5,3,2
1740,H3N,15,40,25,3,0
1741,HN3O5,15,25,10,3,5
1742,H3N13O15,15,17,2,2,2
1743,H4NO,15,16,1,3,2
1744,H3N,15,16,1,3,2
1745,NO2,15,29,14,3,2
1746,H2NO2,15,16,1,2,2
1747,H3NO,15,16,1,2,2
1748,H3N,15,18,3,2,2
1749,N3O3,15,18,3,2,2
1750,N2,15,26,11,2,2
1751,HN2O,15,17,2,2,3
1752,H4NO,15,16,1,2,2
1753,H4N4O3,15,16,1,3,6
1754,HO,15,19,4,3,6
1755,H2N3O4,15,16,1,3,6
1756,H2N3O5,15,16,1,3,3
1757,H3NO,15,16,1,3,3
1758,N3O3,15,16,1,3,3
1759,H2N5O5,15,16,1,5,5
1760,H3NO,15,16,1,5,5
1761,H3N,15,16,1,5,5
1762,NO2,15,16,1,5,5
1763,H3NO,15,16,1,5,5
1764,H2N3O4,15,16,1,3,2
1765,H3NO,15,16,1,3,2
1766,N2,15,24,9,3,1
1767,NO2,15,23,8,1,2
1768,N2,15,20,5,1,3
1769,N5O4,15,16,1,2,2
1770,HNO2,15,16,1,2,2
1771,H2N,15,16,1,2,2
1772,HNO2,15,17,2,3,2
1773,H3NO,15,16,1,3,2
1774,H3N,15,16,1,3,2
1775,HN3O3,15,18,3,2,2
1776,H3N,15,18,3,2,2
1777,H3N,15,16,1,1,1
1778,N2O,15,16,1,1,1
1779,H4NO,15,16,1,2,2
1780,N3O2,15,17,2,2,1
1781,H2N3O5,15,16,1,2,2
1782,H3N3O,15,16,1,2,2
1783,HN2O,15,16,1,2,2
1784,N2O,15,16,1,1,1
1785,H2N,15,16,1,1,1
1786,H3N,15,16,1,1,1
1787,N2O,15,16,1,1,1
1788,H2N4O2,16,17,1,2,3
1789,H2O,16,17,1,2,3
1790,N3O3,16,17,1,1,1
1791,H3N,16,17,1,1,1
1792,N5O4,16,18,2,2,1
1793,H4NO,16,17,1,2,2
1794,HN3O4,16,17,1,2,2
1795,H2N,16,17,1,2,2
1796,H4NO,16,19,3,2,6
1797,H3N,16,38,22,4,2
1798,N3O2,16,19,3,4,2
1799,H4NO,16,19,3,4,2
1800,H3NO,16,40,24,4,0
1801,HN2O4,16,17,1,4,2
1802,H2NO,16,17,1,4,2
1803,N2O,16,17,1,1,1
1804,H3NO,16,17,1,1,1
1805,N3O4,16,25,9,1,2
1806,NO2,16,28,12,1,2
1807,H2N,16,17,1,2,2
1808,HN2O,16,17,1,2,2
1809,H4NO,16,17,1,2,3
1810,HNO2,16,26,10,2,1
1811,H3N,16,40,24,2,0
1812,NO2,16,24,8,2,2
1813,H3N,16,18,2,2,4
1814,HN3O3,16,18,2,2,4
1815,N3O3,16,17,1,1,1
1816,H2N,16,17,1,1,1
1817,H4NO,16,31,15,5,2
1818,N5O5,16,34,18,5,2
1819,H3N,16,19,3,5,2
1820,H3NO,16,22,6,5,2
1821,HNO2,16,22,6,5,2
1822,H6N2O,16,21,5,2,2
1823,H,16,21,5,2,2
1824,H3N,16,20,4,2,2
1825,NO2,16,40,24,2,0
1826,H3N,16,40,24,3,0
1827,H2NO3,16,17,1,3,4
1828,H4N4O4,16,17,1,2,2
1829,H3N,16,17,1,3,2
1830,HN2O,16,17,1,3,2
1831,H4NO,16,17,1,4,4
1832,H3NO,16,17,1,4,4
1833,HN2O,16,17,1,4,4
1834,H2N,16,17,1,2,2
1835,H3N8O11,16,17,1,2,2
1836,N2,16,22,6,1,2
1837,N3O4,16,24,8,1,1
1838,N5O5,16,40,24,2,0
1839,H4NO,16,40,24,2,0
1840,H2N3O5,16,17,1,2,2
1841,H2N,16,17,1,2,2
1842,H3N4O3,16,17,1,2,2
1843,H3N4O6,16,21,5,2,2
1844,HN3O3,16,25,9,3,4
1845,H3NO,16,25,9,3,4
1846,HN3O5,16,40,24,3,0
1847,HNO2,16,17,1,2,3
1848,H3NO,16,17,1,2,3
1849,H2N2O4,16,18,2,2,2
1850,HN3O3,16,18,2,2,2
1851,H2N3O,16,17,1,2,4
1852,H3N,16,20,4,1,1
1853,HO,16,17,1,1,1
1854,H3N,16,17,1,2,3
1855,NO2,16,17,1,2,3
1856,HN3O5,16,40,24,2,0
1857,H4NO,16,19,3,2,2
1858,H3N,16,40,24,4,0
1859,HN2O,16,17,1,4,3
1860,H2N4O3,16,17,1,4,3
1861,H3N,16,21,5,1,2
1862,N2O,16,17,1,1,1
1863,H3N3O,16,17,1,2,2
1864,H3N,16,17,1,1,3
1865,HO,16,17,1,1,3
1866,H3N3O,16,18,2,2,2
1867,N2,16,19,3,1,2
1868,HO,16,18,2,1,1
1869,H3N,16,17,1,2,4
1870,H4NO,16,17,1,2,4
1871,N3O2,17,18,1,2,2
1872,H3N,17,18,1,2,2
1873,HO,17,18,1,2,2
1874,H4NO,17,18,1,2,2
1875,H2N4O3,17,27,10,2,3
1876,NO2,17,18,1,2,2
1877,H4NO,17,18,1,2,2
1878,H2N,17,19,2,2,2
1879,H2O,17,19,2,2,2
1880,H3N,17,40,23,2,0
1881,H3NO,17,21,4,2,4
1882,H2N3O4,17,21,4,2,4
1883,H3N,17,22,5,2,2
1884,NO2,17,25,8,2,1
1885,HN3O3,17,19,2,2,2
1886,H3N,17,19,2,2,2
1887,H2O,17,18,1,3,2
1888,HN2O,17,18,1,3,2
1889,H2N,17,18,1,3,2
1890,H3N,17,21,4,2,2
1891,N2O,17,18,1,2,1
1892,H2N4O3,17,18,1,2,2
1893,H3N3O2,17,20,3,2,2
1894,H2O,17,18,1,1,1
1895,H2N4O3,17,18,1,1,1
1896,H3N,17,40,23,3,0
1897,H2O,17,35,18,3,3
1898,H3NO,17,19,2,3,3
1899,N2O,17,18,1,3,2
1900,H4NO,17,18,1,2,2
1901,N2,17,26,9,2,2
1902,N2O4,17,18,1,2,2
1903,H3NO,17,18,1,2,2
1904,H3N,17,30,13,2,3
1905,H2N8O11,17,19,2,2,2
1906,N6O8,17,18,1,2,2
1907,HNO2,17,18,1,2,2
1908,H2N,17,18,1,2,2
1909,N12O15,17,18,1,1,1
1910,H3N,17,18,1,1,1
1911,H4NO,17,19,2,3,2
1912,H3N,17,21,4,3,3
1913,NO2,17,19,2,3,2
1914,H3N4O3,17,18,1,2,2
1915,H3N,17,18,1,2,2
1916,H3N,17,18,1,3,3
1917,H3NO,17,18,1,3,3
1918,HNO2,17,18,1,3,3
1919,N2O,17,18,1,2,2
1920,H3N,17,18,1,2,2
1921,N3O3,17,20,3,2,2
1922,N3O3,17,18,1,1,1
1923,H3N,17,18,1,1,1
1924,HN5O3,17,20,3,2,5
1925,H3N4O3,17,18,1,2,2
1926,N2O,17,18,1,3,2
1927,H2N,17,18,1,3,2
1928,HN2O,17,19,2,3,2
1929,H3N3O,17,18,1,2,2
1930,H2N3O,17,18,1,4,3
1931,H2O,17,18,1,4,3
1932,H3N,17,18,1,4,1
1933,N2O,17,18,1,4,1
1934,H2N,17,18,1,3,2
1935,H4NO,17,19,2,3,2
1936,H2O,17,18,1,3,2
1937,HNO2,17,18,1,3,2
1938,HN2O,17,18,1,2,2
1939,N2O,17,18,1,1,1
1940,H3N,17,18,1,1,1
1941,H3N,17,21,4,1,1
1942,N3O3,17,21,4,1,1
1943,HN3O5,17,40,23,2,0
1944,H3N,17,19,2,2,3
1945,H2N4O2,18,20,2,3,2
1946,H2O,18,20,2,3,2
1947,HNO2,18,20,2,2,2
1948,H3NO,18,20,2,2,2
1949,H3N4O6,18,19,1,4,4
1950,H3NO,18,19,1,4,4
1951,HNO2,18,19,1,4,4
1952,N3O3,18,20,2,1,1
1953,H3N,18,20,2,1,1
1954,N8O8,18,19,1,2,2
1955,HNO2,18,19,1,2,3
1956,H3NO,18,19,1,2,3
1957,N2O,18,25,7,3,1
1958,H3N,18,19,1,3,3
1959,HN2O,18,19,1,3,3
1960,H2N2O2,18,22,4,3,3
1961,H3N,18,19,1,3,2
1962,N3O2,18,19,1,3,2
1963,H3NO,18,40,22,3,0
1964,HN3O5,18,40,22,3,0
1965,H3N,18,40,22,3,0
1966,N3O3,18,19,1,1,1
1967,H2N,18,19,1,1,1
1968,H2N,18,19,1,2,2
1969,HN3O3,18,19,1,2,2
1970,H2N,18,19,1,2,2
1971,HNO2,18,19,1,2,2
1972,H4N4O4,18,19,1,2,2
1973,H2N,18,19,1,2,3
1974,HN2O,18,19,1,2,3
1975,H2N,18,20,2,1,2
1976,H2O,18,20,2,1,2
1977,HN2O4,18,21,3,2,2
1978,H2NO,18,21,3,2,2
1979,H3N3O,18,20,2,2,2
1980,N3O4,18,22,4,1,2
1981,N3O4,18,22,4,1,2
1982,N2O,18,19,1,1,1
1983,NO,18,19,1,1,1
1984,H3N,18,19,1,3,2
1985,H2NO3,18,25,7,3,4
1986,H3N3O,18,19,1,2,2
1987,H3N,18,21,3,1,2
1988,N2O,18,21,3,1,2
1989,H5N2O,18,19,1,2,2
1990,H,18,19,1,2,2
1991,H3N13O15,18,22,4,2,3
1992,HNO2,18,19,1,1,1
1993,N2O,18,19,1,1,1
1994,HN,18,19,1,2,2
1995,HN2O,18,20,2,2,2
1996,H3N2O4,18,34,16,2,3
1997,N3O3,18,40,22,2,2
1998,H2N,18,20,2,2,2
1999,HN2O,18,20,2,2,2
2000,H2N4O3,18,30,12,2,2
2001,H4N,18,40,22,2,0
2002,H3N3O,18,19,1,2,2
2003,HN2O,18,19,1,2,2
2004,H3N,18,40,22,2,0
2005,NO2,18,29,11,3,2
2006,H3N,18,40,22,3,0
2007,H4NO,18,21,3,3,2
2008,N3O3,18,19,1,2,1
2009,H4N,18,27,9,2,2
2010,H3N,18,19,1,2,2
2011,NO2,18,19,1,2,2
2012,N5O5,18,40,22,2,0
2013,H3N4O3,18,19,1,2,2
2014,N2,18,24,6,1,2
2015,O,18,19,1,1,6
2016,HN3O3,18,19,1,2,3
2017,H2N,18,19,1,2,3
2018,HO,18,20,2,1,1
2019,N2,18,28,10,1,1
2020,H3N3O,18,19,1,2,2
2021,N2O,18,24,6,1,1
2022,H3N,18,40,22,1,0
2023,HN2O,18,19,1,2,2
2024,N2O,19,21,2,2,2
2025,H2N4O4,19,21,2,2,2
2026,N3O2,19,21,2,2,2
2027,H4NO,19,21,2,2,2
2028,H2N,19,20,1,3,2
2029,HNO2,19,20,1,3,2
2030,H4NO,19,40,21,3,0
2031,H2N4O6,19,32,13,3,4
2032,H2O,19,32,13,3,4
2033,H3N,19,22,3,3,3
2034,NO2,19,23,4,3,3
2035,N5O4,19,20,1,1,1
2036,N3O4,19,20,1,1,1
2037,H3N,19,28,9,3,2
2038,HN3O5,19,40,21,3,0
2039,H4N4O3,19,20,1,2,2
2040,H2N,19,20,1,2,2
2041,H3N,19,40,21,2,0
2042,HN3O3,19,26,7,2,4
2043,H2O,19,40,21,4,0
2044,H2O,19,23,4,4,3
2045,H2O,19,36,17,4,4
2046,NO2,19,40,21,4,0
2047,N2,19,36,17,4,4
2048,NO,19,23,4,4,3
2049,H3N,19,20,1,2,2
2050,HN2O,19,20,1,2,2
2051,NO2,19,40,21,1,0
2052,N2,19,40,21,1,0
2053,H2N4O3,19,20,1,2,3
2054,H3N,19,37,18,2,2
2055,N3O3,19,20,1,2,2
2056,H2N4O4,19,34,15,3,2
2057,H2O,19,33,14,3,5
2058,N2,19,40,21,3,0
2059,HN2O3,19,20,1,2,3
2060,H2N,19,20,1,2,3
2061,H2O,19,21,2,1,1
2062,H2N4O3,19,21,2,1,1
2063,H3N,19,30,11,2,2
2064,NO2,19,30,11,2,2
2065,H3N,19,21,2,3,2
2066,HN2O,19,20,1,3,2
2067,H2NO,19,20,1,3,2
2068,H3N,19,22,3,1,2
2069,N2O,19,21,2,1,2
2070,N3O3,19,21,2,1,1
2071,H3N,19,21,2,1,1
2072,N3O2,19,20,1,2,2
2073,H3N4O3,19,20,1,5,2
2074,H4N4O3,19,20,1,5,3
2075,H2N,19,20,1,5,3
2076,HN8O11,19,20,1,2,2
2077,HNO2,19,20,1,2,2
2078,N8O9,19,22,3,2,2
2079,HN3O3,19,22,3,2,2
2080,HN3O3,19,20,1,2,2
2081,H2N,19,20,1,2,2
2082,HNO2,19,20,1,2,2
2083,H2N,19,20,1,2,2
2084,HNO2,19,21,2,2,3
2085,H3NO,19,21,2,2,3
2086,H3N,19,21,2,2,2
2087,H4NO,19,21,2,2,2
2088,HN2O,19,20,1,2,2
2089,H2N,19,20,1,2,2
2090,HN3O3,19,25,6,3,2
2091,H2N,19,20,1,3,2
2092,H3N,19,25,6,2,2
2093,H3NO,19,25,6,2,2
2094,HNO2,19,20,1,2,2
2095,H2N,19,20,1,2,2
2096,H4NO,19,23,4,2,3
2097,N2,19,27,8,2,1
2098,H3N4O3,19,20,1,2,2
2099,H4NO,19,20,1,2,2
2100,H3N,19,20,1,2,2
2101,N2O,19,20,1,1,1
2102,H3N,19,20,1,1,1
2103,H3N,19,40,21,1,0
2104,N2O,19,24,5,1,1
2105,N2,19,27,8,1,2
2106,HO,19,20,1,1,2
2107,H3N,20,26,6,2,2
2108,NO2,20,30,10,2,2
2109,H3N4O2,20,23,3,2,2
2110,HO,20,23,3,2,2
2111,HO,20,40,20,1,0
2112,N5O4,20,23,3,1,2
2113,NO2,20,22,2,2,2
2114,H4NO,20,22,2,2,2
2115,N2O,20,26,6,1,2
2116,NO2,20,26,6,1,2
2117,N8O8,20,21,1,2,3
2118,N2O,20,29,9,1,2
2119,H3NO,20,39,19,1,1
2120,H3N4O3,20,21,1,2,2
2121,H3N,20,23,3,2,3
2122,H2N,20,21,1,2,2
2123,H2N5O8,20,21,1,2,2
2124,N3O3,20,24,4,3,1
2125,H3N,20,40,20,3,0
2126,N5O5,20,21,1,3,3
2127,N2O,20,24,4,1,4
2128,H3N,20,40,20,1,0
2129,H4NO,20,22,2,2,2
2130,N2,20,32,12,2,1
2131,HN4O5,20,21,1,2,2
2132,H2NO,20,22,2,3,3
2133,H2O,20,23,3,3,3
2134,N3O2,20,22,2,3,1
2135,N2,20,22,2,3,1
2136,HNO2,20,21,1,3,2
2137,N2O3,20,30,10,3,1
2138,H2N,20,23,3,3,2
2139,HNO2,20,23,3,3,2
2140,H3N,20,22,2,1,1
2141,N3O3,20,22,2,1,1
2142,H3N,20,40,20,3,0
2143,H4NO,20,28,8,3,2
2144,H3NO,20,27,7,2,2
2145,N2O,20,25,5,2,2
2146,N2O,20,22,2,1,1
2147,NO,20,22,2,1,1
2148,H3N,20,22,2,2,2
2149,H4NO,20,21,1,2,2
2150,H3N,20,33,13,2,5
2151,H3N,20,22,2,2,1
2152,N3O3,20,22,2,2,1
2153,NO2,20,34,14,2,2
2154,H2N8O11,20,40,20,2,0
2155,N3O3,20,40,20,1,0
2156,H3N,20,40,20,1,0
2157,N6O8,20,40,20,2,0
2158,H4NO,20,29,9,2,2
2159,H3N4O3,20,21,1,2,2
2160,N2O,20,34,14,2,1
2161,H3N,20,30,10,2,1
2162,HN3O5,20,31,11,2,2
2163,H3NO,20,31,11,2,2
2164,N3O2,20,22,2,3,2
2165,H3N4O5,20,22,2,3,2
2166,HN2O,20,23,3,3,2
2167,H3NO,20,23,3,3,2
2168,N2O,20,21,1,2,2
2169,H3N,20,21,1,2,2
2170,H3N,20,40,20,2,0
2171,NO2,20,30,10,2,3
2172,N3O3,20,34,14,2,2
2173,H3N,20,40,20,2,0
2174,H3N,20,24,4,2,2
2175,NO2,20,24,4,2,2
2176,H4NO2,20,21,1,3,3
2177,H4N,20,21,1,3,3
2178,H3N3O,20,22,2,2,3
2179,H3N4O3,20,21,1,2,2
2180,NO2,20,30,10,1,1
2181,N2O,20,30,10,1,1
2182,HN2O,21,22,1,2,2
2183,HN4O4,21,22,1,2,2
2184,H3N,21,25,4,4,2
2185,HN3O4,21,25,4,4,2
2186,H2O,21,40,19,4,0
2187,H2N4O4,21,40,19,4,0
2188,H4NO,21,22,1,2,2
2189,N3O2,21,22,1,2,2
2190,N3O3,21,22,1,1,1
2191,H3N,21,22,1,1,1
2192,N2,21,22,1,1,1
2193,N3O4,21,22,1,1,1
2194,N3O4,21,22,1,1,1
2195,HN3O3,21,23,2,2,2
2196,H3N,21,23,2,2,2
2197,H3N,21,22,1,2,2
2198,H4NO,21,22,1,2,2
2199,N3O3,21,31,10,1,1
2200,H3N,21,25,4,1,2
2201,H3N,21,27,6,2,2
2202,HN5O8,21,23,2,2,2
2203,H2N,21,22,1,2,2
2204,HN2O,21,22,1,2,2
2205,HNO2,21,22,1,1,1
2206,N3O3,21,22,1,1,1
2207,N2,21,37,16,2,1
2208,H4N4O7,21,39,18,2,3
2209,H4N4O4,21,22,1,2,2
2210,N8O9,21,30,9,2,11
2211,H3NO,21,22,1,2,2
2212,N2O4,21,22,1,2,2
2213,H3N4O3,21,22,1,2,2
2214,H3N4O3,21,22,1,2,2
2215,HNO2,21,22,1,2,2
2216,N3O4,21,22,1,2,2
2217,H2NO2,21,22,1,2,3
2218,H2N,21,22,1,2,3
2219,HN3O4,21,22,1,2,2
2220,N3O4,21,22,1,2,2
2221,H3N4O3,21,22,1,2,2
2222,H2N,21,22,1,2,3
2223,HN2O,21,22,1,2,3
2224,HN3O5,21,40,19,2,0
2225,N2,21,23,2,2,1
2226,H3NO,21,30,9,2,2
2227,H2N,21,22,1,2,3
2228,HN2O,21,22,1,2,3
2229,H4NO,21,23,2,2,2
2230,H3N,21,23,2,2,2
2231,HN2O,21,23,2,2,2
2232,H3NO,21,22,1,2,2
2233,H3N,21,25,4,1,1
2234,N3O3,21,25,4,1,1
2235,H4NO,21,23,2,2,2
2236,H3N,21,24,3,2,3
2237,H3NO,21,23,2,2,2
2238,H2O,21,23,2,2,2
2239,H3N,21,23,2,2,2
2240,NO2,21,29,8,3,2
2241,H3N,21,35,14,3,2
2242,H4NO,21,22,1,3,3
2243,H2N,22,23,1,2,3
2244,H2N3O5,22,23,1,2,3
2245,HNO2,22,23,1,2,2
2246,H3NO,22,23,1,2,2
2247,H2N,22,24,2,2,2
2248,H2N3O5,22,24,2,2,2
2249,HN3O3,22,23,1,2,4
2250,H3N,22,34,12,2,4
2251,N8O8,22,24,2,3,2
2252,H2N4O4,22,23,1,2,3
2253,N2O,22,23,1,2,3
2254,H3N,22,40,18,3,0
2255,H3N3O,22,23,1,3,2
2256,H3N,22,23,1,2,2
2257,HN2O,22,24,2,2,2
2258,HN2O,22,23,1,2,2
2259,H2O,22,23,1,2,3
2260,H2N3O,22,23,1,2,3
2261,N5O5,22,40,18,2,0
2262,H6N2O,22,26,4,2,2
2263,H,22,30,8,2,2
2264,H2N,22,23,1,3,2
2265,HN2O,22,23,1,3,2
2266,H3N,22,26,4,3,1
2267,HN4O5,22,24,2,2,2
2268,H3NO,22,23,1,3,3
2269,NO2,22,23,1,3,3
2270,H3N,22,25,3,3,2
2271,H4NO,22,23,1,2,2
2272,NO2,22,23,1,2,2
2273,H2O,22,25,3,1,3
2274,H2N4O3,22,25,3,1,3
2275,NO,22,24,2,2,2
2276,HN3O5,22,24,2,2,2
2277,HN2O4,22,26,4,2,2
2278,H2NO,22,26,4,2,2
2279,N3O3,22,31,9,2,1
2280,N3O5,22,40,18,2,0
2281,NO,22,23,1,2,2
2282,H2O,22,23,1,2,2
2283,H3N,22,23,1,2,2
2284,H3N4O3,22,23,1,2,2
2285,H3N4O3,22,23,1,2,2
2286,HN3O4,22,32,10,2,4
2287,N3O4,22,40,18,2,0
2288,H3N4O3,22,23,1,2,2
2289,HNO2,22,23,1,2,2
2290,H2N,22,23,1,2,2
2291,H3N,22,23,1,1,1
2292,N3O3,22,23,1,1,1
2293,H2N,22,23,1,2,2
2294,HNO2,22,23,1,2,2
2295,N3O4,22,40,18,1,0
2296,N5O5,22,40,18,1,0
2297,H3N,22,23,1,3,3
2298,HN2O,22,23,1,3,2
2299,NO,22,23,1,3,2
2300,O,22,24,2,1,4
2301,N2O,22,24,2,1,1
2302,NO2,22,24,2,1,2
2303,HNO2,22,23,1,1,1
2304,N2O,22,23,1,1,1
2305,H4NO,22,25,3,2,4
2306,H2N,22,23,1,2,2
2307,H5N13O15,22,23,1,3,3
2308,H2N,22,25,3,3,2
2309,H2N,22,23,1,3,3
2310,N5O2,22,23,1,2,3
2311,N3O5,22,25,3,1,2
2312,H3N,22,40,18,1,0
2313,N3O2,22,28,6,2,2
2314,H3N,22,23,1,1,1
2315,N3O3,22,23,1,1,1
2316,H3N,22,24,2,1,1
2317,N3O3,22,24,2,1,1
2318,N2,22,40,18,1,0
2319,NO2,22,30,8,1,2
2320,N3O2,23,25,2,2,2
2321,H4NO,23,25,2,2,2
2322,H2N4O2,23,24,1,2,2
2323,H2O,23,24,1,2,2
2324,H2N,23,24,1,2,2
2325,H2N3O4,23,24,1,2,2
2326,NO2,23,24,1,2,2
2327,H4NO,23,24,1,2,2
2328,H2N,23,24,1,3,1
2329,H2N5O5,23,26,3,3,4
2330,H3NO,23,26,3,3,4
2331,N3O3,23,25,2,1,3
2332,H3N,23,25,2,1,3
2333,N3O3,23,27,4,1,2
2334,N2O,23,24,1,1,2
2335,HN2O,23,30,7,3,11
2336,NO,23,30,7,3,11
2337,NO,23,27,4,3,2
2338,HN2O,23,24,1,3,3
2339,HNO2,23,24,1,2,2
2340,H2N,23,24,1,2,2
2341,H4NO,23,26,3,3,2
2342,H3N,23,31,8,3,3
2343,N2O,23,39,16,3,1
2344,H2N,23,24,1,2,2
2345,H2N5O8,23,25,2,2,5
2346,N2,23,24,1,1,1
2347,HO,23,24,1,1,1
2348,H3N,23,24,1,2,2
2349,N2O,23,24,1,2,2
2350,H3N3,23,24,1,2,1
2351,H3NO,23,27,4,2,4
2352,HNO2,23,26,3,2,3
2353,H3N,23,40,17,1,0
2354,N3O3,23,24,1,1,1
2355,HNO2,23,25,2,4,3
2356,H3NO,23,24,1,4,4
2357,HN5O3,23,24,1,4,4
2358,N2O,23,34,11,3,4
2359,H2N4O4,23,27,4,3,2
2360,HN2O,23,40,17,3,0
2361,NO2,23,24,1,2,2
2362,H3N,23,24,1,2,2
2363,H3N,23,29,6,1,1
2364,N2O,23,29,6,1,1
2365,H3N4O4,23,30,7,2,11
2366,HNO,23,25,2,4,3
2367,H4NO,23,24,1,4,2
2368,HN3O5,23,36,13,4,1
2369,HNO,23,24,1,3,3
2370,H4NO,23,24,1,3,3
2371,N3O3,23,40,17,1,0
2372,H3N,23,40,17,1,0
2373,H3N,23,25,2,4,4
2374,N6O2,23,24,1,4,2
2375,HNO,23,40,17,2,0
2376,N2O,23,40,17,2,0
2377,H4N13O15,23,25,2,3,2
2378,H2N,23,25,2,3,2
2379,HNO2,23,25,2,3,2
2380,HNO2,23,24,1,3,4
2381,H3N,23,40,17,3,0
2382,HN3O3,23,24,1,3,2
2383,HN3O3,23,27,4,2,2
2384,H2N2O2,23,24,1,2,4
2385,H2N,23,24,1,2,4
2386,H3N,23,24,1,2,2
2387,H4NO,23,24,1,2,2
2388,NO2,23,40,17,2,0
2389,H3N,23,40,17,2,0
2390,NO2,23,40,17,2,0
2391,H3N,23,40,17,2,0
2392,H3N4O3,23,25,2,2,2
2393,H3NO,23,24,1,2,3
2394,H2N3O5,23,24,1,2,3
2395,H3N4O3,23,25,2,2,2
2396,H4NO2,23,24,1,3,3
2397,H4N,23,24,1,3,3
2398,H2N,24,25,1,2,2
2399,H2O,24,40,16,2,0
2400,N2,24,28,4,2,4
2401,H3N4O2,24,27,3,2,2
2402,HO,24,27,3,2,2
2403,H3N,24,30,6,2,3
2404,HN3O4,24,30,6,2,3
2405,HNO2,24,27,3,2,3
2406,H3NO,24,27,3,2,3
2407,H2N4O3,24,25,1,2,2
2408,H3N,24,25,1,2,3
2409,HN3O5,24,40,16,2,0
2410,N5O4,24,25,1,1,1
2411,N3O4,24,25,1,1,1
2412,H3N,24,29,5,2,2
2413,HN2O,24,25,1,2,3
2414,NO2,24,40,16,2,0
2415,H3N,24,40,16,2,0
2416,HN2O,24,25,1,2,2
2417,H3NO,24,25,1,2,5
2418,N2,24,25,1,2,5
2419,H2N,24,25,1,2,2
2420,HN2O,24,25,1,2,2
2421,H3N6O4,24,26,2,2,4
2422,HNO2,24,33,9,1,1
2423,N3O3,24,33,9,1,1
2424,H2NO,24,25,1,2,3
2425,H2O,24,26,2,2,3
2426,N3O2,24,26,2,2,3
2427,N2,24,26,2,2,3
2428,HNO2,24,25,1,2,2
2429,N3O4,24,25,1,2,2
2430,HNO2,24,26,2,2,2
2431,H2N,24,26,2,2,2
2432,H3N,24,29,5,3,3
2433,HN3O5,24,29,5,3,3
2434,H4NO,24,28,4,3,4
2435,H2N,24,25,1,2,2
2436,HNO2,24,25,1,2,2
2437,H3N4O3,24,25,1,2,2
2438,H2NO2,24,25,1,3,4
2439,H2NO,24,25,1,3,4
2440,HO,24,26,2,3,1
2441,N2,24,26,2,3,1
2442,HN3O2,24,25,1,2,2
2443,N4O,24,25,1,1,2
2444,N2O,24,36,12,1,1
2445,H3N3O,24,26,2,2,4
2446,N5O5,24,40,16,2,0
2447,H2N2O,24,40,16,5,0
2448,HNO2,24,25,1,5,2
2449,NO,24,25,1,5,2
2450,HNO2,24,25,1,5,1
2451,H3N3O,24,25,1,2,2
2452,O,24,25,1,1,4
2453,NO,24,28,4,1,1
2454,N6O8,24,25,1,2,2
2455,N6O7,24,27,3,2,2
2456,H3N,24,25,1,2,2
2457,H4NO,24,25,1,2,2
2458,H4NO,24,25,1,2,2
2459,N3O2,24,25,1,2,2
2460,HNO2,24,26,2,2,3
2461,H2N,24,26,2,2,3
2462,NO,24,40,16,2,3
2463,H2O,24,40,16,2,3
2464,H3N,24,29,5,2,2
2465,H3N3O,24,25,1,2,2
2466,H3N,24,26,2,2,2
2467,H2O,24,26,2,2,2
2468,H3NO,24,26,2,2,2
2469,O,24,25,1,1,1
2470,N2,24,40,16,1,0
2471,N5O3,24,25,1,2,2
2472,H2N,25,26,1,2,2
2473,H2N3O4,25,26,1,2,2
2474,N3O3,25,27,2,1,2
2475,H2N,25,26,1,1,4
2476,N8O8,25,26,1,2,2
2477,HN3O3,25,26,1,2,2
2478,H3N,25,26,1,2,2
2479,H2N3O2,25,27,2,2,5
2480,NO2,25,27,2,2,5
2481,H3N,25,32,7,5,4
2482,H2N5O9,25,28,3,5,2
2483,N3O4,25,28,3,5,2
2484,H,25,28,3,5,2
2485,H3N3O,25,28,3,5,2
2486,HNO2,25,26,1,2,2
2487,H2N,25,26,1,2,2
2488,N2,25,26,1,1,2
2489,HO,25,26,1,1,2
2490,N3O3,25,28,3,1,2
2491,N2,25,40,15,1,0
2492,NO,25,38,13,2,1
2493,HNO2,25,29,4,2,2
2494,H3N,25,30,5,2,2
2495,N2O,25,26,1,2,1
2496,H,25,26,1,3,3
2497,H2N3O,25,26,1,3,3
2498,NO2,25,28,3,3,5
2499,H3NO,25,26,1,5,5
2500,H4N4O3,25,26,1,5,5
2501,H3N4O3,25,26,1,5,5
2502,H3N,25,40,15,1,0
2503,N2O,25,31,6,1,1
2504,H2N,25,26,1,2,2
2505,HN2O,25,26,1,2,2
2506,H2N,25,26,1,2,2
2507,HNO2,25,26,1,2,2
2508,NO,25,26,1,2,2
2509,HN3O5,25,26,1,2,2
2510,NO,25,34,9,2,4
2511,H2O,25,34,9,2,4
2512,N2,25,40,15,2,0
2513,N2O,25,28,3,1,1
2514,H3N,25,40,15,1,0
2515,N3O3,25,38,13,2,2
2516,H2N,25,27,2,3,2
2517,H4NO,25,36,11,3,3
2518,H2O,25,27,2,3,2
2519,HNO2,25,27,2,3,2
2520,NO2,25,40,15,2,0
2521,H3N,25,40,15,2,0
2522,N2,25,40,15,1,0
2523,N2O,25,26,1,1,1
2524,HNO2,25,26,1,1,1
2525,N2O,25,26,1,1,1
2526,HNO3,25,40,15,2,0
2527,H3N13O15,25,27,2,2,2
2528,H3N,25,30,5,2,2
2529,H5N2O,25,29,4,2,2
2530,H,25,40,15,2,0
2531,HN3O5,25,40,15,2,0
2532,H3N,25,40,15,2,0
2533,H2NO2,25,40,15,3,0
2534,H2O,25,40,15,3,0
2535,NO2,25,40,15,3,0
2536,N2,25,40,15,3,0
2537,N3O3,25,28,3,1,2
2538,H3N,25,28,3,1,2
2539,NO2,25,29,4,2,2
2540,H3N,25,29,4,2,2
2541,HNO2,25,40,15,1,0
2542,N2,25,26,1,1,2
2543,HN3O3,25,26,1,2,2
2544,H3N,25,26,1,2,2
2545,H2N,25,26,1,4,2
2546,H2O,25,27,2,4,3
2547,H2N4O3,25,26,1,4,2
2548,HNO2,25,26,1,4,2
2549,H3N,25,30,5,1,1
2550,N3O3,25,30,5,1,1
2551,N3O4,25,27,2,1,2
2552,N3O4,25,40,15,1,0
2553,N3O3,25,29,4,1,1
2554,H3N,25,29,4,1,1
2555,H4NO,25,26,1,2,2
2556,H3N,25,26,1,2,2
2557,H3N4O3,25,26,1,2,2
2558,N3O2,26,28,2,2,2
2559,H4NO,26,28,2,2,2
2560,H3N,26,27,1,2,2
2561,HN3O4,26,27,1,2,2
2562,H3N,26,27,1,3,2
2563,N5O5,26,39,13,3,2
2564,H3N,26,28,2,3,2
2565,HO,26,27,1,3,1
2566,H3N,26,40,14,3,0
2567,H3N4O3,26,27,1,3,2
2568,H2O,26,27,1,3,5
2569,N3O3,26,40,14,3,0
2570,H2N,26,27,1,3,5
2571,N2,26,31,5,3,2
2572,N4O,26,29,3,3,2
2573,N5O4,26,27,1,1,2
2574,N3O4,26,28,2,1,1
2575,H3N,26,28,2,2,2
2576,H3N3O,26,28,2,2,2
2577,H2N,26,27,1,2,2
2578,HN3O4,26,27,1,2,2
2579,N2,26,27,1,2,2
2580,H3N,26,40,14,2,0
2581,NO2,26,40,14,2,0
2582,H3N,26,31,5,2,1
2583,H2N2O2,26,27,1,3,2
2584,H3N,26,27,1,3,2
2585,H2N,26,28,2,2,1
2586,N2O,26,28,2,2,1
2587,H2O,26,33,7,2,3
2588,N3O2,26,33,7,2,3
2589,H2N,26,27,1,2,2
2590,HNO2,26,27,1,2,2
2591,H3NO,26,27,1,2,2
2592,HNO2,26,27,1,2,2
2593,H4NO,26,27,1,5,2
2594,N2,26,27,1,5,2
2595,HN5O3,26,28,2,5,5
2596,H3N,26,40,14,1,0
2597,N3O3,26,36,10,1,1
2598,H4N,26,27,1,3,3
2599,H4NO2,26,27,1,3,3
2600,NO2,26,30,4,2,2
2601,H3N,26,35,9,2,2
2602,HN3O3,26,29,3,2,2
2603,H4NO,26,40,14,2,0
2604,N3O2,26,36,10,2,2
2605,H3N3O,26,27,1,2,2
2606,H3N,26,40,14,2,0
2607,NO2,26,40,14,2,0
2608,H4NO,26,27,1,2,2
2609,N3O3,26,39,13,2,1
2610,HN3O3,26,32,6,2,2
2611,H3N,26,28,2,2,1
2612,N2O,26,28,2,2,1
2613,H4NO,26,31,5,2,2
2614,H3N,26,31,5,2,2
2615,HNO2,26,30,4,2,5
2616,N3O4,26,28,2,2,2
2617,NO2,26,27,1,2,3
2618,H3N,26,27,1,2,3
2619,NO2,26,27,1,3,4
2620,H2N,26,27,1,3,4
2621,H2NO2,26,27,1,3,4
2622,H3NO,26,27,1,2,2
2623,N2O4,26,27,1,2,2
2624,H2N3O,26,27,1,2,3
2625,N3O2,26,31,5,2,2
2626,HN2O,26,27,1,2,2
2627,H3N,27,40,13,3,0
2628,NO2,27,37,10,3,2
2629,H3N4O4,27,28,1,3,2
2630,H2N,27,30,3,2,2
2631,H2N3O4,27,32,5,2,3
2632,H2N4O2,27,28,1,2,2
2633,H2O,27,28,1,2,2
2634,H2N4O3,27,28,1,3,3
2635,HNO2,27,28,1,3,3
2636,N3O3,27,28,1,1,1
2637,H3N,27,28,1,1,1
2638,H3N4O3,27,28,1,3,2
2639,NO2,27,40,13,3,0
2640,N2,27,28,1,1,4
2641,N3O4,27,28,1,1,4
2642,HN4O4,27,28,1,2,2
2643,HNO2,27,28,1,2,2
2644,N2,27,40,13,4,0
2645,NO2,27,40,13,4,0
2646,H2O,27,40,13,4,0
2647,H3N,27,40,13,4,0
2648,HNO2,27,40,13,4,0
2649,H4NO,27,40,13,2,0
2650,HN2O,27,29,2,2,2
2651,H3N,27,40,13,3,0
2652,N5O4,27,28,1,3,2
2653,H4N13O15,27,28,1,3,2
2654,H2N2O,27,28,1,3,2
2655,H2N4O4,27,40,13,3,0
2656,HNO2,27,40,13,3,1
2657,H2N4O4,27,38,11,3,2
2658,H2N3O5,27,31,4,3,2
2659,H3N3O,27,28,1,4,4
2660,H3NO,27,28,1,4,4
2661,HNO2,27,28,1,4,4
2662,H3N3O,27,28,1,2,5
2663,H,27,28,1,2,5
2664,HN2O,27,28,1,2,2
2665,H3N,27,33,6,1,2
2666,HO,27,32,5,1,1
2667,H2NO3,27,37,10,3,3
2668,H3N,27,32,5,3,2
2669,H3NO,27,28,1,2,2
2670,H2O,27,28,1,2,2
2671,H3N,27,28,1,2,2
2672,HNO2,27,28,1,4,4
2673,H3N,27,28,1,4,4
2674,H2NO,27,28,1,4,4
2675,HNO2,27,28,1,4,4
2676,HN6O7,27,28,1,2,2
2677,H2NO,27,28,1,2,2
2678,H4NO,27,35,8,2,2
2679,NO2,27,35,8,2,2
2680,HNO2,27,40,13,1,0
2681,N2O,27,36,9,1,1
2682,H3N,27,40,13,2,0
2683,HNO2,27,35,8,2,2
2684,N2O,27,30,3,1,2
2685,H3N,27,32,5,1,2
2686,HN2O4,27,33,6,2,2
2687,H2NO,27,33,6,2,2
2688,HNO2,27,28,1,2,2
2689,H2N,27,28,1,2,2
2690,N2,27,28,1,2,2
2691,HN2O,27,28,1,2,2
2692,N3O3,28,32,4,2,3
2693,H3N,28,36,8,2,2
2694,NO2,28,39,11,2,2
2695,H3N,28,36,8,1,1
2696,N3O3,28,36,8,1,1
2697,H3N4O2,28,30,2,2,2
2698,HO,28,30,2,2,2
2699,N,28,29,1,4,2
2700,N5O4,28,29,1,4,2
2701,N2,28,30,2,4,11
2702,N,28,30,2,4,11
2703,H2N4O4,28,33,5,2,2
2704,HN3O4,28,29,1,2,4
2705,H2N4O4,28,30,2,2,2
2706,NO2,28,30,2,2,2
2707,HN3O3,28,30,2,2,2
2708,H3N,28,30,2,2,2
2709,NO2,28,40,12,1,0
2710,N2O,28,32,4,1,1
2711,HNO3,28,29,1,2,2
2712,H,28,29,1,2,2
2713,N3O4,28,36,8,1,1
2714,N2,28,36,8,1,1
2715,H6N2O,28,30,2,2,2
2716,N2,28,40,12,2,0
2717,H2NO,28,29,1,4,3
2718,HNO2,28,29,1,4,3
2719,N2,28,40,12,4,0
2720,H2O,28,29,1,4,3
2721,N5O2,28,29,1,4,3
2722,H3NO,28,29,1,4,4
2723,H2NO2,28,29,1,4,4
2724,H2N,28,29,1,4,4
2725,NO2,28,30,2,4,1
2726,H3N,28,40,12,2,0
2727,NO2,28,32,4,2,2
2728,H3NO,28,35,7,1,3
2729,H,28,29,1,1,2
2730,H2N4O4,28,38,10,3,1
2731,HNO2,28,40,12,3,2
2732,H3N13O15,28,30,2,2,2
2733,H3N2O,28,31,3,2,3
2734,N2,28,40,12,2,0
2735,NO2,28,40,12,2,0
2736,H2O,28,40,12,2,0
2737,H3NO,28,29,1,2,3
2738,H4NO2,28,32,4,3,3
2739,H4N,28,32,4,3,3
2740,N2,28,39,11,2,2
2741,H4NO,28,32,4,2,4
2742,H4NO,28,40,12,2,0
2743,N2,28,40,12,2,0
2744,H2N4O3,28,29,1,3,2
2745,HNO2,28,29,1,3,2
2746,HN2O3,28,40,12,2,0
2747,N7O5,28,30,2,3,2
2748,HN5O8,28,38,10,2,2
2749,HN3O5,28,38,10,2,2
2750,H2N3O,28,30,2,2,2
2751,N2O,28,29,1,1,1
2752,NO,28,29,1,1,1
2753,H3N4O3,28,30,2,2,2
2754,NO2,28,40,12,3,0
2755,H3N,28,40,12,3,0
2756,H2O,28,40,12,3,2
2757,H2N3O,28,31,3,3,2
2758,H3N3O,28,29,1,2,2
2759,N6O7,28,31,3,2,3
2760,H3NO,28,35,7,2,3
2761,HN2O,28,30,2,2,2
2762,N2,28,40,12,2,0
2763,H2O,29,40,11,2,0
2764,NO2,29,40,11,2,0
2765,H2N,29,30,1,2,2
2766,HN2O,29,30,1,2,2
2767,H3N,29,30,1,4,5
2768,HNO2,29,30,1,4,5
2769,H2NO,29,30,1,4,5
2770,H2N3O4,29,30,1,4,5
2771,HN2O,29,31,2,2,2
2772,N2,29,35,6,2,2
2773,H4NO,29,30,1,4,4
2774,NO2,29,33,4,4,2
2775,HN5O3,29,30,1,4,4
2776,H3N3O,29,30,1,2,2
2777,HNO2,29,30,1,1,1
2778,N2O,29,30,1,1,1
2779,NO,29,40,11,2,1
2780,HNO,29,30,1,2,1
2781,HNO2,29,30,1,2,2
2782,H2N,29,30,1,2,2
2783,H,29,30,1,2,2
2784,HNO3,29,30,1,2,2
2785,H3N4O3,29,32,3,2,2
2786,N6O9,29,32,3,2,3
2787,H,29,32,3,2,3
2788,H3N,29,30,1,2,4
2789,HN2O,29,30,1,2,4
2790,N3O2,29,33,4,2,2
2791,N2,29,31,2,1,1
2792,HO,29,31,2,1,1
2793,HNO2,29,33,4,2,2
2794,H2N,29,33,4,2,2
2795,H3N4O3,29,30,1,2,2
2796,NO2,29,34,5,2,2
2797,H3NO,29,30,1,3,3
2798,H2N,29,30,1,3,3
2799,H2N3O5,29,30,1,3,3
2800,HNO3,29,40,11,3,0
2801,H6N2O,29,39,10,3,2
2802,N2O,29,35,6,1,3
2803,H3N,29,35,6,1,3
2804,N3O4,29,32,3,1,3
2805,N2,29,40,11,1,0
2806,N3O2,30,32,2,2,2
2807,H4NO,30,32,2,2,2
2808,HN,30,32,2,2,3
2809,HNO2,30,32,2,2,3
2810,H2N4O2,30,32,2,2,2
2811,H2O,30,32,2,2,2
2812,H2N,30,31,1,3,3
2813,HN3O3,30,31,1,3,3
2814,H4NO,30,37,7,3,2
2815,N3O3,30,33,3,1,1
2816,H3N,30,33,3,1,1
2817,N2O,30,34,4,7,4
2818,N2,30,40,10,7,0
2819,H2O,30,38,8,7,3
2820,HN4O4,30,31,1,7,2
2821,HNO2,30,31,1,7,2
2822,NO,30,38,8,7,2
2823,N2O,30,40,10,7,0
2824,NO2,30,40,10,7,0
2825,NO2,30,38,8,7,2
2826,N2O3,30,40,10,7,0
2827,N3,30,32,2,7,3
2828,H3N,30,40,10,2,0
2829,N2O,30,37,7,2,1
2830,HN4O4,30,31,1,2,2
2831,HNO2,30,31,1,2,2
2832,H3N,30,40,10,2,0
2833,H4NO,30,38,8,2,2
2834,H2N,30,31,1,1,1
2835,N2O,30,31,1,1,1
2836,H2N,30,31,1,2,2
2837,HN2O,30,31,1,2,2
2838,H3NO,30,31,1,5,4
2839,H2N,30,32,2,5,2
2840,H2N3O5,30,31,1,5,4
2841,NO,30,33,3,5,2
2842,H2NO2,30,31,1,5,4
2843,H3NO,30,31,1,2,2
2844,H2O,30,31,1,2,2
2845,N3O2,30,31,1,2,2
2846,N2,30,31,1,2,2
2847,H2N,30,31,1,2,2
2848,HNO2,30,31,1,2,2
2849,N3O5,30,31,1,2,1
2850,H4N13O15,30,31,1,2,3
2851,H2N,30,33,3,2,5
2852,HN4O3,30,32,2,2,2
2853,HNO2,30,32,2,2,2
2854,HN2O3,30,33,3,2,2
2855,H2O,30,34,4,2,2
2856,NO2,30,34,4,2,2
2857,H3N4O3,30,31,1,2,2
2858,HN3O3,30,31,1,2,2
2859,H3N,30,34,4,1,2
2860,N3O3,30,40,10,1,0
2861,NO2,30,33,3,2,2
2862,H3N,30,31,1,2,3
2863,N2,30,33,3,3,1
2864,H3NO,30,31,1,3,3
2865,H2O,30,31,1,3,3
2866,NO,30,31,1,3,3
2867,H2NO2,30,31,1,3,3
2868,H2N,30,31,1,3,3
2869,H2N,30,31,1,3,3
2870,N5O4,30,31,1,1,2
2871,N2O,30,32,2,1,1
2872,H3NO,30,31,1,3,2
2873,H3N,30,31,1,3,2
2874,HN3O5,30,35,5,3,2
2875,H2N,30,32,2,2,1
2876,HNO3,30,40,10,2,0
2877,H2N,30,31,1,2,2
2878,HNO2,30,31,1,2,2
2879,HO,30,31,1,1,1
2880,N2,30,31,1,1,1
2881,N2O,30,36,6,1,1
2882,H3N,30,36,6,1,1
2883,H3N3O,30,31,1,2,2
2884,H,31,40,9,2,0
2885,H6N2O,31,40,9,2,0
2886,H3N,31,35,4,3,2
2887,HN3O3,31,32,1,3,2
2888,H2N,31,32,1,3,2
2889,H2N4O4,31,35,4,2,2
2890,NO2,31,35,4,2,2
2891,H3N4O3,31,32,1,2,2
2892,HN2O,31,33,2,2,2
2893,HNO2,31,32,1,2,2
2894,H3NO,31,32,1,2,2
2895,H3N,31,40,9,2,0
2896,N2O,31,32,1,2,2
2897,H3N,31,33,2,3,2
2898,HNO2,31,32,1,3,2
2899,H2O,31,33,2,3,2
2900,HN3O5,31,33,2,3,2
2901,HN2O,31,32,1,2,2
2902,N2,31,32,1,2,2
2903,H4NO,31,33,2,4,2
2904,HN5O3,31,32,1,4,2
2905,H3N,31,40,9,2,0
2906,NO2,31,34,3,2,2
2907,H3N4O5,31,32,1,2,2
2908,H3N,31,40,9,1,0
2909,N2O,31,33,2,1,2
2910,HN3O4,31,32,1,1,1
2911,HO,31,32,1,1,1
2912,N3O3,31,33,2,1,1
2913,H3N,31,33,2,1,1
2914,H7N14O15,31,32,1,4,4
2915,H2N2O,31,40,9,4,0
2916,H2N3O5,31,32,1,4,4
2917,H3N,31,40,9,3,0
2918,H3N,31,34,3,3,2
2919,NO2,31,34,3,3,2
2920,H2N4O4,31,40,9,2,0
2921,NO2,31,40,9,2,0
2922,HN2O,31,40,9,2,2
2923,H2N3O,31,33,2,2,3
2924,N2O,31,32,1,1,1
2925,HNO2,31,32,1,1,1
2926,H2N4O3,31,32,1,2,2
2927,N2,31,32,1,2,2
2928,H4NO,31,32,1,2,2
2929,H3N,31,32,1,2,2
2930,H4NO2,31,32,1,2,2
2931,N3O4,31,32,1,2,2
2932,HNO2,31,40,9,3,0
2933,H2N,31,32,1,3,2
2934,H2O,31,32,1,3,2
2935,N2,31,32,1,1,1
2936,N3O4,31,33,2,1,1
2937,NO2,31,40,9,1,0
2938,N2,31,40,9,1,0
2939,N3O5,31,33,2,1,2
2940,H3N4O3,31,32,1,2,2
2941,H4NO,31,35,4,2,2
2942,H2N,31,36,5,2,3
2943,NO2,31,40,9,2,0
2944,H3N,31,40,9,2,0
2945,H3N3O,31,32,1,2,2
2946,H3N,32,36,4,4,1
2947,HN6O8,32,36,4,4,1
2948,NO2,32,38,6,4,2
2949,N3O2,32,33,1,3,1
2950,N3O5,32,33,1,3,1
2951,HN3O5,32,40,8,3,0
2952,H3N4O2,32,36,4,2,2
2953,HO,32,36,4,2,2
2954,H3N4O6,32,33,1,4,5
2955,H2O,32,33,1,4,5
2956,H7N14O15,32,33,1,4,5
2957,HN3O5,32,40,8,4,0
2958,N2,32,36,4,2,2
2959,HN2O,32,35,3,2,2
2960,N3O3,32,35,3,2,2
2961,H3N,32,40,8,2,0
2962,HN3O3,32,33,1,2,2
2963,H3N,32,33,1,2,2
2964,HN,32,33,1,3,2
2965,H2N3O4,32,33,1,3,2
2966,H2O,32,39,7,3,2
2967,H3N,32,40,8,3,0
2968,N3O3,32,40,8,1,0
2969,H3N,32,39,7,1,1
2970,NO2,32,40,8,2,0
2971,H4NO,32,34,2,2,2
2972,NO,32,34,2,2,1
2973,NO,32,36,4,2,1
2974,N2,32,40,8,2,0
2975,H3N,32,34,2,1,1
2976,N3O5,32,34,2,1,1
2977,HNO2,32,33,1,1,1
2978,N2O,32,33,1,1,1
2979,H2N6O5,32,33,1,3,3
2980,N3O2,32,33,1,3,3
2981,H2N4O3,32,34,2,2,3
2982,NO2,32,35,3,2,2
2983,H2N3O5,32,37,5,2,2
2984,N4O,32,33,1,2,1
2985,H3N,32,33,1,1,1
2986,N3O3,32,33,1,1,1
2987,H2N,32,33,1,2,2
2988,HN2O,32,33,1,2,2
2989,H3N3O,32,33,1,2,2
2990,H2N,32,33,1,2,2
2991,H2N3O5,32,33,1,2,2
2992,HN3O3,32,38,6,2,2
2993,H2N,32,34,2,2,2
2994,HNO2,32,34,2,2,2
2995,N2O,32,38,6,1,1
2996,H3N,32,40,8,1,0
2997,HN3O5,32,33,1,2,2
2998,H3NO,32,33,1,2,2
2999,H3N2O2,32,33,1,2,2
3000,N3O2,32,33,1,1,1
3001,HN2O,32,33,1,1,1
3002,HN2O,32,33,1,2,2
3003,H3N,32,34,2,2,2
3004,H4NO,32,34,2,2,2
3005,H3NO,32,35,3,2,3
3006,H2O,32,34,2,2,3
3007,H3N,32,34,2,2,3
3008,HO,32,33,1,2,1
3009,H3N,32,40,8,2,0
3010,H3N,32,40,8,1,0
3011,N3O3,32,40,8,1,0
3012,H2N,32,33,1,2,2
3013,HNO2,32,33,1,2,2
3014,H2N4O6,33,40,7,4,0
3015,H2O,33,40,7,4,0
3016,H3N,33,40,7,4,0
3017,H4N13O15,33,38,5,4,2
3018,H3N,33,37,4,4,2
3019,H3N4O4,33,38,5,3,2
3020,H4NO,33,40,7,3,0
3021,N6O7,33,36,3,2,2
3022,H2N,33,39,6,2,2
3023,HN3O4,33,40,7,2,0
3024,N2,33,40,7,1,0
3025,HO,33,40,7,1,0
3026,H3N,33,34,1,3,2
3027,HN3O3,33,34,1,3,3
3028,N2O,33,34,1,3,2
3029,N2O,33,39,6,1,1
3030,H3N,33,40,7,1,0
3031,HN4O5,33,35,2,2,2
3032,H3NO,33,34,1,2,2
3033,HNO2,33,34,1,2,2
3034,H3N,33,40,7,2,0
3035,HN3O5,33,40,7,2,0
3036,HNO2,33,38,5,2,2
3037,N3O4,33,38,5,2,2
3038,N2O4,33,37,4,2,2
3039,H3NO,33,40,7,2,0
3040,N7O5,33,34,1,2,2
3041,N2O,33,34,1,1,1
3042,NO,33,34,1,1,1
3043,H2N,33,34,1,5,2
3044,HN3O2,33,34,1,5,2
3045,NO,33,34,1,5,3
3046,HNO,33,34,1,5,2
3047,HN3O4,33,34,1,5,2
3048,N3O4,33,35,2,2,2
3049,H4NO2,33,35,2,2,2
3050,H3N,33,40,7,2,0
3051,N2O,33,34,1,2,1
3052,N2,33,38,5,2,1
3053,H4NO,33,34,1,2,2
3054,H3N,33,40,7,2,0
3055,NO2,33,40,7,2,0
3056,H3N4O3,33,38,5,2,2
3057,H3N4O3,33,34,1,2,2
3058,HNO2,33,34,1,2,2
3059,H2N,33,34,1,2,2
3060,N3O2,33,36,3,2,2
3061,H4NO,33,36,3,2,2
3062,H3N4O3,33,34,1,2,2
3063,H2N4O3,33,34,1,2,3
3064,N3O4,33,38,5,2,2
3065,N2,33,34,1,2,3
3066,HN4O4,33,34,1,2,2
3067,HN3O5,33,34,1,2,2
3068,HN3O3,33,36,3,2,2
3069,H2N,33,34,1,2,2
3070,HNO2,33,34,1,2,2
3071,HNO2,33,38,5,1,1
3072,H2N,33,38,5,1,1
3073,NO2,33,40,7,2,0
3074,H3N,33,40,7,2,0
3075,HN5O3,33,34,1,2,2
3076,N2O3,33,35,2,2,2
3077,HN2O,33,40,7,2,0
3078,HN2O,33,36,3,2,2
3079,N3O3,34,35,1,1,1
3080,H3N,34,35,1,1,1
3081,HN2O,34,36,2,5,2
3082,HN3O,34,35,1,5,4
3083,H2O,34,35,1,5,4
3084,HNO,34,35,1,5,4
3085,HNO2,34,35,1,2,2
3086,HN4O4,34,35,1,2,2
3087,H2N,34,35,1,2,2
3088,HN2O,34,35,1,2,2
3089,HN4O4,34,35,1,2,2
3090,HNO2,34,35,1,2,2
3091,H3NO,34,35,1,2,2
3092,HN5O5,34,35,1,2,2
3093,N2,34,40,6,2,0
3094,NO2,34,40,6,2,0
3095,HNO2,34,40,6,2,0
3096,H2N,34,35,1,2,2
3097,HN3O3,34,35,1,2,2
3098,H2N,34,35,1,2,2
3099,H2N3O,34,38,4,2,2
3100,NO2,34,40,6,2,0
3101,N2,34,40,6,2,0
3102,H4NO,34,37,3,2,3
3103,NO2,34,40,6,2,0
3104,HNO3,34,40,6,3,0
3105,HN3O3,34,38,4,3,2
3106,H2N,34,35,1,2,2
3107,HNO2,34,35,1,2,2
3108,NO2,34,36,2,2,3
3109,H3N,34,36,2,2,3
3110,H2O,34,35,1,3,3
3111,H2N2O4,34,35,1,3,3
3112,H4N,34,37,3,3,2
3113,H3N4O5,34,35,1,2,2
3114,HNO2,34,35,1,2,2
3115,H2N,34,35,1,2,2
3116,H3N3O,34,36,2,2,2
3117,HNO2,34,40,6,2,0
3118,HN3O3,34,36,2,2,2
3119,N4O,34,35,1,1,1
3120,N3O4,34,35,1,1,1
3121,H3N3O,34,36,2,2,2
3122,HN2O,34,35,1,1,1
3123,N3O2,34,35,1,1,1
3124,N3O2,34,35,1,2,2
3125,H2N,34,35,1,2,2
3126,HNO2,34,35,1,2,2
3127,H3N,34,35,1,2,2
3128,H4NO,34,35,1,2,2
3129,H3N,34,39,5,1,1
3130,HO,34,38,4,1,1
3131,NO2,34,39,5,2,3
3132,H3N,34,36,2,2,2
3133,HN3O3,34,35,1,2,2
3134,H2N,34,35,1,2,2
3135,HN4O4,34,35,1,2,2
3136,HN3O5,34,40,6,2,0
3137,N3O3,34,35,1,1,1
3138,H3N,34,35,1,1,1
3139,H3N2O,34,36,2,2,4
3140,H3N,34,35,1,2,1
3141,N3O2,34,35,1,2,1
3142,H3N,34,35,1,2,2
3143,NO2,34,35,1,2,2
3144,H2N,35,36,1,2,2
3145,HN3O3,35,36,1,2,2
3146,HN4O4,35,36,1,2,2
3147,HNO2,35,36,1,2,2
3148,NO2,35,40,5,2,0
3149,H2N4O4,35,40,5,2,0
3150,H3N,35,40,5,2,0
3151,N2O,35,38,3,2,1
3152,H2N4O4,35,40,5,2,0
3153,NO2,35,40,5,2,0
3154,H4NO,35,40,5,2,0
3155,N5O5,35,40,5,2,0
3156,NO,35,38,3,2,2
3157,H2N4O5,35,40,5,2,0
3158,HNO2,35,38,3,1,1
3159,N3O3,35,38,3,1,1
3160,N2,35,40,5,2,0
3161,HN2O,35,36,1,2,2
3162,H3NO,35,36,1,2,2
3163,HNO2,35,36,1,2,2
3164,H3N,35,40,5,2,2
3165,N3O3,35,40,5,2,2
3166,HN3O4,35,36,1,2,3
3167,H2N4O5,35,36,1,2,3
3168,H3N,35,37,2,2,2
3169,H4NO,35,37,2,2,2
3170,H2N3O,35,36,1,4,4
3171,H2O,35,36,1,4,4
3172,H4NO,35,36,1,4,4
3173,H3N4O3,35,37,2,2,2
3174,H3N,35,40,5,2,5
3175,NO2,35,37,2,2,1
3176,H2N3O5,35,36,1,2,3
3177,H3NO,35,36,1,2,3
3178,H2N4O3,35,36,1,3,2
3179,H3N,35,40,5,3,0
3180,HN3O5,35,40,5,2,0
3181,H3NO,35,40,5,2,0
3182,H3N4O3,35,39,4,2,2
3183,NO2,35,37,2,1,1
3184,NO,35,37,2,1,1
3185,HNO2,35,39,4,2,2
3186,H2N,35,36,1,2,2
3187,H4N2O4,35,37,2,4,2
3188,H2NO,35,37,2,4,2
3189,H4NO2,35,40,5,4,0
3190,N7O5,35,37,2,2,2
3191,NO2,35,40,5,2,0
3192,H3N,35,40,5,2,0
3193,HN5O3,35,36,1,2,2
3194,H2N,35,36,1,2,2
3195,HNO2,35,36,1,2,2
3196,N2O,35,36,1,1,1
3197,NO,35,36,1,1,1
3198,H2N,35,36,1,3,2
3199,H2O,35,40,5,3,0
3200,NO,35,40,5,3,0
3201,N2O,35,40,5,3,0
3202,H3N,35,40,5,2,0
3203,NO2,35,40,5,2,0
3204,H3N4O2,35,36,1,2,2
3205,HNO2,35,36,1,2,2
3206,H2N,35,36,1,2,2
3207,N3O2,36,40,4,2,3
3208,H3N4O5,36,37,1,2,2
3209,H2N4O2,36,40,4,2,0
3210,H2O,36,40,4,2,0
3211,H3N,36,40,4,2,0
3212,N3O3,36,37,1,2,2
3213,H3N4O3,36,37,1,2,2
3214,N2O,36,40,4,2,0
3215,H3N,36,40,4,2,0
3216,H2N4O4,36,37,1,2,2
3217,NO2,36,37,1,2,2
3218,HN3O3,36,37,1,2,2
3219,H3N,36,37,1,2,2
3220,N5O4,36,37,1,2,2
3221,H3N,36,40,4,2,3
3222,NO2,36,40,4,2,3
3223,H3NO,36,40,4,3,2
3224,H2O,36,40,4,3,0
3225,H3N,36,40,4,3,0
3226,N2O,36,38,2,3,2
3227,N3O2,36,40,4,2,0
3228,H4NO,36,39,3,2,3
3229,NO2,36,40,4,2,0
3230,H3N,36,40,4,1,0
3231,N2O,36,40,4,1,0
3232,H2N,36,37,1,3,2
3233,HNO2,36,37,1,3,2
3234,H4NO,36,37,1,3,3
3235,H3N,36,40,4,1,0
3236,N2O,36,38,2,1,2
3237,H3N,36,37,1,2,1
3238,N3O4,36,40,4,2,0
3239,N3O5,36,37,1,2,1
3240,NO2,36,37,1,1,1
3241,N2,36,40,4,1,0
3242,H2N,36,37,1,2,2
3243,H2N4O3,36,37,1,2,2
3244,HN4O7,36,40,4,2,0
3245,H3N,36,40,4,2,0
3246,NO2,36,40,4,2,0
3247,H4N7O8,36,37,1,2,2
3248,HN3O5,36,37,1,3,3
3249,H3N,36,37,1,3,3
3250,H3NO,36,37,1,3,3
3251,H3N3O2,36,38,2,2,2
3252,H2N,36,37,1,2,2
3253,HN5O5,36,37,1,2,2
3254,N3O2,36,38,2,2,3
3255,H2N5O4,36,37,1,2,3
3256,H3N3O,36,37,1,2,2
3257,N3O2,36,39,3,2,2
3258,HO,36,38,2,1,2
3259,N2,36,39,3,1,2
3260,H3N,36,40,4,3,0
3261,H2O2,36,38,2,3,2
3262,N2,36,40,4,3,0
3263,N,36,37,1,3,1
3264,H3N4O3,36,37,1,2,2
3265,H3N,36,37,1,1,1
3266,N3O2,36,37,1,1,1
3267,HN2O,36,37,1,2,2
3268,N2,36,40,4,2,1
3269,N2O,36,38,2,1,1
3270,HNO2,36,40,4,1,0
3271,N3O2,37,40,3,2,0
3272,H4NO,37,40,3,2,0
3273,H3N,37,38,1,1,2
3274,HN6O8,37,38,1,1,2
3275,H3N,37,40,3,1,0
3276,N3O3,37,40,3,1,0
3277,HNO2,37,38,1,2,2
3278,H2N,37,38,1,2,2
3279,H3N,37,39,2,1,2
3280,N3O5,37,39,2,1,2
3281,N2,37,40,3,1,0
3282,HO,37,40,3,1,1
3283,N3O3,37,40,3,1,0
3284,H3N,37,40,3,1,0
3285,HN4O4,37,38,1,2,3
3286,HNO2,37,38,1,2,3
3287,HN3O4,37,38,1,2,2
3288,H3N,37,38,1,2,1
3289,N3O4,37,39,2,1,2
3290,N2,37,38,1,1,2
3291,H2N,37,39,2,2,3
3292,HN2O4,37,40,3,2,0
3293,N5O5,37,39,2,2,3
3294,H3N,37,39,2,2,3
3295,N2O3,37,39,2,2,2
3296,HN3O4,37,40,3,1,0
3297,N3O4,37,40,3,1,0
3298,N3O4,37,40,3,3,5
3299,HN5O5,37,38,1,2,2
3300,H3N,37,38,1,2,2
3301,H2N3O5,37,38,1,3,3
3302,H3NO,37,38,1,3,3
3303,H2N,37,38,1,3,3
3304,H3N,37,38,1,1,1
3305,N3O3,37,38,1,1,1
3306,H4NO,37,38,1,2,2
3307,HN3O4,37,39,2,2,3
3308,H3N4O5,37,38,1,2,2
3309,H4N2O,37,38,1,2,2
3310,N3O2,37,38,1,2,2
3311,H3NO,37,38,1,2,2
3312,H2O,37,38,1,2,2
3313,HNO2,37,38,1,2,2
3314,N5O4,37,38,1,1,1
3315,N2O,37,38,1,1,1
3316,HN5O3,37,38,1,2,3
3317,H2O,37,38,1,2,3
3318,H3NO,37,38,1,2,3
3319,H3N4O2,37,40,3,2,2
3320,H4NO,37,40,3,2,0
3321,H3N,37,40,3,2,0
3322,H3N2O4,37,40,3,2,0
3323,H3NO,37,40,3,2,2
3324,NO2,37,40,3,2,0
3325,H3N,37,39,2,2,6
3326,H3N,37,40,3,1,0
3327,N2O,37,40,3,1,0
3328,N4O,37,38,1,2,2
3329,NO2,38,40,2,2,0
3330,H3N,38,40,2,2,0
3331,HNO2,38,39,1,3,3
3332,H3N7O8,38,39,1,3,3
3333,H2N4O3,38,39,1,1,1
3334,HO,38,39,1,1,1
3335,H2N4O4,38,39,1,3,3
3336,HNO3,38,39,1,3,3
3337,H,38,39,1,3,3
3338,H2N,38,39,1,2,2
3339,HN2O,38,39,1,2,2
3340,H2N,38,39,1,2,2
3341,HNO2,38,39,1,2,2
3342,N2O,38,40,2,1,1
3343,N2,38,40,2,1,1
3344,H3N,38,39,1,2,2
3345,HN2O,38,39,1,2,2
3346,H3NO,38,39,1,1,1
3347,N2O,38,39,1,1,1
3348,HN4O5,38,40,2,2,2
3349,HNO2,38,40,2,3,0
3350,HNO2,38,40,2,3,2
3351,H3N,38,40,2,1,0
3352,N3O5,38,40,2,1,0
3353,H4NO,38,40,2,4,0
3354,HN5O3,38,39,1,4,3
3355,HN3O3,38,39,1,4,3
3356,NO,38,40,2,2,2
3357,HN3O5,38,40,2,2,2
3358,H2N5O5,38,39,1,2,2
3359,N7O5,38,39,1,2,2
3360,HN3O3,38,39,1,2,2
3361,H2N,38,39,1,2,2
3362,N3O4,38,39,1,2,2
3363,H2N5O9,38,39,1,2,2
3364,HNO2,38,40,2,1,2
3365,N2O,38,40,2,1,2
3366,H4NO,38,39,1,3,6
3367,H2NO3,38,39,1,3,6
3368,H2N3O4,38,39,1,2,3
3369,H3NO,38,39,1,2,3
3370,H4N,38,40,2,2,2
3371,N5O5,38,40,2,2,2
3372,HN12O15,38,39,1,1,2
3373,H3N,38,39,1,1,2
3374,HN3O,38,39,1,2,2
3375,HN6O8,38,39,1,2,2
3376,HN3O5,38,39,1,3,2
3377,H2N3O,38,39,1,3,2
3378,H3N3O,38,39,1,2,6
3379,H3N2O2,38,40,2,2,0
3380,H3N,38,40,2,3,0
3381,HN3O5,38,40,2,3,0
3382,H3NO,38,40,2,3,0
3383,HNO2,38,40,2,1,0
3384,N2O,38,40,2,1,0
3385,N5O5,38,40,2,2,0
3386,H3N3O,38,39,1,2,2
3387,HN2O,38,39,1,2,2
3388,H3N4O3,38,40,2,2,0
3389,HN4O4,38,39,1,2,2
3390,H2O,38,39,1,2,2
3391,N3O3,38,39,1,1,1
3392,H3N,38,39,1,1,1
3393,H2N,38,39,1,2,2
3394,H2N4O3,38,40,2,2,0
3395,H3N,39,40,1,2,2
3396,HN6O8,39,40,1,2,2
3397,NO2,39,40,1,2,2
3398,H3N4O4,39,40,1,2,0
3399,H2N4O5,39,40,1,3,3
3400,HNO2,39,40,1,3,3
3401,HN4O4,39,40,1,3,0
3402,HNO2,39,40,1,3,0
3403,H2O,39,40,1,3,0
3404,H3N,39,40,1,2,0
3405,N2O,39,40,1,2,0
3406,H3N,39,40,1,2,0
3407,NO2,39,40,1,2,0
3408,HN3O4,39,40,1,3,0
3409,H3N,39,40,1,3,0
3410,H2N3O5,39,40,1,3,0
3411,H3N,39,40,1,3,3
3412,HN2O,39,40,1,3,3
3413,H,39,40,1,3,2
3414,H6N5O7,39,40,1,3,2
3415,H3NO,39,40,1,3,0
3416,N5O4,39,40,1,3,0
3417,H4NO,39,40,1,3,0
3418,NO2,39,40,1,1,0
3419,H2N4O3,39,40,1,1,0
3420,H3N3O2,39,40,1,2,0
3421,HN5O5,39,40,1,3,3
3422,HN,39,40,1,3,3
3423,HNO2,39,40,1,3,3
3424,HN2O,39,40,1,2,2
3425,HN3O3,39,40,1,2,2
3426,N3O2,39,40,1,2,0
3427,N2O,39,40,1,1,1
3428,N5O4,39,40,1,1,1
3429,N3O3,39,40,1,2,0
3430,H3N,39,40,1,2,0
3431,H2N,39,40,1,4,3
3432,H3NO,39,40,1,4,3
3433,HN2O,39,40,1,4,3
3434,H3N,39,40,1,4,3
3435,H2O,39,40,1,4,0
3436,HNO2,39,40,1,4,0
3437,H3N3O2,39,40,1,2,0
3438,HN3O5,39,40,1,2,0
3439,HN5O8,39,40,1,2,0
3440,N2,39,40,1,1,0
3441,HO,39,40,1,1,1
3442,N2O,39,40,1,1,1
3443,H3N,39,40,1,1,1
3444,N3O4,39,40,1,2,0
3445,H3N3O2,39,40,1,2,5
3446,H,39,40,1,2,2
3447,HN2O4,39,40,1,2,2
3448,H3N4O3,39,40,1,2,2
3449,H3N,39,40,1,2,2
3450,NO2,39,40,1,2,2
3451,NO,39,40,1,2,2
3452,HN5O5,39,40,1,2,2
3453,HN3O3,39,40,1,2,2
3454,H3N,39,40,1,2,1
3455,H2N4O4,39,40,1,3,0
3456,HN2O,39,40,1,3,0
3457,H5N13O15,39,40,1,3,3
3458,H5N2O,39,40,1,3,3
3459,N6O8,39,40,1,2,0
3460,H2N3O,39,40,1,2,2
3461,H3N3O,39,40,1,2,2
3462,H3N4O3,39,40,1,2,0
3463,H3N,39,40,1,1,1
3464,N3O3,39,40,1,1,1
3465,HN2O,39,40,1,2,3
3466,H3N,39,40,1,2,0
3467,H3N,40,40,0,3,0
3468,NO2,40,40,0,3,0
3469,N6O7,40,40,0,3,0
3470,HNO2,40,40,0,3,0
3471,H3N7O8,40,40,0,3,0
3472,H2N,40,40,0,2,0
3473,H2O,40,40,0,2,0
3474,N2,40,40,0,2,0
3475,HNO2,40,40,0,1,0
3476,N3O3,40,40,0,1,0
3477,H3N,40,40,0,2,0
3478,H4N4O7,40,40,0,2,0
3479,N5O5,40,40,0,3,0
3480,H3N,40,40,0,3,0
3481,NO2,40,40,0,3,0
3482,N4O,40,40,0,2,0
3483,HN3O3,40,40,0,3,0
3484,H2N4O3,40,40,0,3,0
3485,H2N4O6,40,40,0,3,0
3486,H2N,40,40,0,3,0
3487,H2NO,40,40,0,2,0
3488,H2N3O5,40,40,0,2,0
3489,HN2O,40,40,0,2,0
3490,H2N,40,40,0,2,0
3491,HN2O,40,40,0,2,0
3492,HNO,40,40,0,4,0
3493,H3NO,40,40,0,4,0
3494,HNO2,40,40,0,4,0
3495,N7O5,40,40,0,2,0
3496,N2O,40,40,0,1,0
3497,HNO2,40,40,0,1,0
3498,H3N,40,40,0,1,0
3499,N3O2,40,40,0,1,0
3500,H3N,40,40,0,4,0
3501,H3N3O,40,40,0,4,0
3502,H3NO,40,40,0,4,0
3503,HO,40,40,0,1,0
3504,N2,40,40,0,1,0
3505,HN2O3,40,40,0,2,0
3506,H6N2O,40,40,0,2,0
3507,HN12O15,40,40,0,2,0
3508,H3N,40,40,0,2,0
3509,HN2O,40,40,0,2,0
3510,NO,40,40,0,2,0
3511,N2,40,40,0,3,0
3512,N2O3,40,40,0,3,0
3513,HNO2,40,40,0,3,0
3514,H2N,40,40,0,3,0
3515,H3NO,40,40,0,3,0
3516,H3N3O,40,40,0,4,0
3517,H2N3O4,40,40,0,4,0
3518,HN2O4,40,40,0,2,0
3519,H,40,40,0,2,0
3520,HN5O5,40,40,0,2,0
3521,H3N,40,40,0,2,0
3522,N2O,40,40,0,1,0
3523,H3N,40,40,0,1,0
3524,H2O,40,40,0,2,0
3525,N2O3,40,40,0,2,0
3526,H2O,40,40,0,2,0
3527,H2N,40,40,0,2,0
3528,N2,40,40,0,2,0
3529,H4NO,40,40,0,2,0
3530,N5O5,40,40,0,2,0
3531,HNO,40,40,0,2,0
3532,H3N,40,40,0,1,0
3533,N3O3,40,40,0,1,0
3534,H3N3O,40,40,0,2,0
3535,HN4O2,40,40,0,2,0
3536,HNO2,40,40,0,2,0
3537,H3N4O3,40,40,0,2,0
3538,H2N,40,40,0,2,0
3539,HNO2,40,40,0,2,0
